TCODE,STATE,DOB,DOMAIN,GENDER,CONTROLN,TARGET_D
1,FL,1901,C2,M,44060,100
0,IL,0,T2,M,96093,7
0,FL,2501,C2,F,43333,5
0,NC,2208,T2,M,21885,38
28,FL,0,C2,F,190108,5
1,IL,6104,S2,M,100640,30
0,NC,4407,R2,F,18581,12
1002,TX,0,C1,M,119038,7
0,CA,1801,T2,F,173223,10
28,CA,0,S1,F,157988,10
28,NV,5401,T1,F,141720,5
2,CA,3401,U1,F,186272,10
2,CA,2801,T2,F,154301,10
1,AP,0,,M,189722,6
0,KS,2405,T2,F,188304,10
1,MI,5102,S1,,73699,15
2,FL,2701,T1,F,31977,28
0,FL,6501,C2,F,44336,15
2,TX,2301,C3,F,127823,6
2,CA,5410,S1,U,150739,12
28,FL,5107,S3,F,41384,12
0,OK,0,C2,,114721,15
0,AR,0,,,111795,5
28,IN,0,T2,F,64480,10
2,MT,4304,C1,M,87259,25
0,TX,0,S1,M,115823,15
1,IL,4406,S2,M,95701,5
1,IL,6105,R3,M,5172,10
1,CA,2401,S2,M,152486,5
2,WI,5001,S1,F,153880,5
1,MO,2401,C2,M,101855,10
1,IN,0,S3,M,62932,10
0,TX,4806,R2,F,125930,7.5
28,HI,2401,C2,F,173653,21
1002,FL,2601,S3,M,11011,20
1,TX,2201,U1,M,116894,20
2,CA,4304,R1,F,154245,15
1,UT,3201,C3,M,134773,25
28,GA,3701,C2,F,26271,16
28,WA,2105,C2,F,180292,10
2,CA,5401,C1,F,10145,5
0,ID,0,T2,U,133806,15
2,CT,5001,,M,112632,11
0,CA,2101,U3,F,143253,5
0,AL,3901,,J,403,35
0,ND,4201,C2,F,189882,10
1,TX,5201,S1,M,119570,10
0,CA,4903,U4,F,144021,15
0,IL,3705,U2,F,93356,25
0,SC,0,T2,F,24711,10
0,IA,1501,T2,F,74914,6
1,CO,2801,R3,M,6909,15
1002,TX,5811,T1,M,124543,18
1,CA,0,U1,M,163018,24
0,CA,1901,,,190671,14
0,FL,1401,S1,F,33356,20
1,CA,6601,S2,M,151600,21
0,NC,4001,C2,F,21259,15
28,TX,3912,U1,F,128987,41
1,LA,2601,T2,M,108926,20
0,CA,0,S2,F,154709,5
0,LA,1401,T1,F,108050,16
0,IA,0,R2,F,187274,15
0,CA,0,S3,F,171655,12
0,OR,0,C2,M,160488,10
1,NC,5601,R2,M,21305,10
2,IL,1108,T2,F,98470,14
1,TX,0,T1,M,140586,20
1,CA,1701,S1,M,158101,15
1002,CA,3201,S1,M,150043,20
0,IL,4401,T3,F,96251,10
1,CA,0,U4,M,188547,25
1002,WA,2101,C2,M,180617,11
0,SD,1201,C2,F,86000,10
28,AL,1901,C3,F,13265,11
0,TN,3401,R2,F,71,16
0,CA,0,C1,F,148969,10
0,CA,0,S1,,156324,15
2,CO,1412,C2,F,130976,7
0,NM,4401,R2,F,140141,14
0,CA,0,C2,F,85416,25
2,LA,6312,S1,F,108150,20
1002,CO,5601,S1,M,129823,10
1,AZ,4201,R2,M,104413,6
2,IL,2801,S2,,60512,25
0,IL,4201,C1,F,90480,11
28,CA,7201,C2,F,148911,10
1002,TN,3801,T2,M,52990,26
0,CA,4608,U2,F,148022,10
1002,CA,2801,U1,M,147406,38
0,MO,4103,T2,F,103468,15
72,MN,3201,S1,M,84100,14
0,AZ,2009,C1,M,137548,9
1,MO,1708,S1,M,6932,10
0,FL,2607,S2,,37118,15
0,LA,4201,R2,M,109179,14
2,NM,2710,T2,F,140642,5
0,IA,3601,S2,F,77057,15
1,MN,0,R2,M,83131,20
1,CA,3501,S1,M,168078,19
1,SC,5908,S2,M,32975,25
1,FL,0,C3,M,37472,20
0,IN,2805,T2,M,63113,5
0,KY,2911,R3,F,57039,5
0,KY,2701,R2,F,58786,20
0,CA,0,S2,F,164306,30
0,OK,1501,S1,F,113129,20
28,CT,0,T1,F,19094,40
1002,NJ,0,S1,J,102224,6
2,CA,2201,S2,F,155375,6
0,FL,1704,U1,M,185030,10
1,CA,0,C3,M,149887,15
2,TX,6201,S2,F,117216,30
0,CA,0,U1,F,167892,10
0,NE,1801,R3,F,107618,2
0,MI,0,T2,M,72410,20
2,AR,3201,C1,F,112319,30
0,GA,5902,T2,F,28061,5
28,LA,1401,U2,F,108371,20
1,MI,8305,R2,M,187807,22
0,WA,609,C3,F,180383,11
1,WA,3001,S2,M,183013,11
1,CA,5403,S1,M,187769,25
1,CA,801,U1,M,191056,47
0,CA,0,S2,F,151891,15
2,KS,2901,S2,F,5822,11
0,CA,6001,S1,F,164969,7
0,CA,4201,C2,M,172846,10
0,IL,4804,C3,F,95951,20
2,NC,5001,C1,M,18089,25
2,FL,1701,C1,,35276,10
1,NC,6001,T2,M,18607,23
1,IN,4801,T2,M,61275,12
28,FL,2805,C1,F,36141,10
0,MN,2401,R3,F,85716,25
0,CA,0,T2,F,154195,20
0,AL,0,R2,F,46755,5
1,FL,2901,C1,M,13239,3
0,SD,0,R2,F,86068,5
1,MI,4801,U4,M,67900,20
28,IN,2301,T1,F,59610,15
0,CA,2401,T2,F,13378,7
2,NC,2001,C2,M,20752,13
0,GA,905,R2,M,30934,15
0,MO,4301,C1,F,102163,30
0,TX,7001,S2,F,128976,10
1,IN,3602,C1,M,44088,10
28,CA,0,C2,F,154931,10
2,IL,901,S1,M,87939,30
0,NV,4601,S1,F,140779,6
2,OK,0,R3,F,113838,8
0,CA,4812,S1,,156568,75
0,CO,3001,U2,F,130485,16
0,MO,4701,C3,F,101803,25
1002,FL,0,U3,M,41899,10
2,GA,0,T3,M,30795,10
2,ID,2002,C1,M,133256,10
0,CA,0,,U,151203,5
0,GA,3901,T3,M,31425,16
0,MI,3204,R2,F,70524,23
0,CA,4201,R2,F,161229,21
0,MN,0,R2,F,83181,15
0,CA,4905,U1,F,143528,10
1,FL,0,T2,M,42970,3
28,MN,5609,S1,F,83708,10
2,MO,5701,C2,F,101390,2
1,WI,2808,S2,M,77898,10
1,WI,0,S1,M,77345,16
0,CA,201,U1,F,142579,20
0,CA,2005,S1,F,162209,10
0,CA,0,C2,M,171396,6
1,CO,5401,S2,M,129530,10
0,FL,0,R1,F,33773,20
0,NE,3001,T2,F,10031,10
0,IN,4601,R2,M,62056,7
2,FL,6501,T1,M,11494,5
0,FL,5201,T2,M,44847,10
2,IL,1601,U1,F,94851,10
0,NC,4101,R2,M,15668,45
0,OR,4806,U4,F,175579,20
980,CA,0,U3,U,150534,4
0,MI,4201,U4,F,68441,30
0,CA,0,C1,F,157185,5
0,IL,5309,S2,F,90816,20
0,IL,4309,U1,F,94915,15
2,TX,1701,R3,M,118392,12
0,IN,0,R2,,187571,26
1002,NC,5401,R2,M,21659,10
2,CA,3101,C1,M,157672,10
1,IN,1701,T2,M,64166,23
1,CO,2505,T1,M,185304,21
28,KY,2709,C2,F,57963,10
0,IL,0,R2,F,98249,10
0,CA,3001,S1,F,153689,20
1,CA,2401,S1,M,157807,16
0,FL,0,U3,,41715,3
1,FL,2006,U2,M,45356,8
0,CA,0,U1,F,163506,15
0,NE,4007,T2,F,107727,7
0,IN,2601,C2,F,64212,20
1,IN,0,S2,M,60252,15
2,FL,0,C1,F,45101,3
0,FL,2303,S2,F,36528,25
2,FL,1306,C1,M,38820,20
0,ID,0,R2,F,133906,10
0,CO,1301,C2,F,12226,8
2,OK,0,T2,F,8696,11
28,TX,4008,C1,F,119368,25
1,FL,2601,S3,M,14319,19
1,TX,2109,R2,M,118408,15
0,CA,0,U3,F,146585,8
1,TX,701,R3,M,120115,200
0,KY,2512,S2,F,57463,10
2,IL,3308,U3,F,94394,10
1,CA,3001,S3,M,155135,7
1,CA,6008,S2,M,149595,17
0,CA,3401,U1,F,166606,50
1,CA,0,,,8240,10
0,TX,5801,S1,F,185904,13
1,AL,3401,T2,M,49351,15
1,FL,2701,,M,191779,150
0,CA,0,C1,F,169881,15
3,CA,0,U2,F,144356,20
2,TX,2212,C2,F,186528,15
0,WA,2805,T3,M,14161,10
1,IL,5601,U3,M,190839,15
2,CA,4601,U1,F,146269,10
2,CA,2601,T1,F,188507,10
0,TX,505,S1,F,116251,10
1,WI,6401,S1,M,81945,20
2,WA,1401,T2,F,8989,32
0,AL,5701,S2,F,47282,15
0,MT,0,R1,M,2950,2
0,IL,6401,U1,F,87771,20
28,WA,3201,S2,F,167934,21
28,GA,4801,C1,F,26045,14
0,CA,6509,U2,M,661,20
0,AL,0,C2,F,47569,10
1,OR,201,C3,M,176743,7
0,TX,0,S1,,188164,10
0,UT,0,U2,F,134364,20
2,IL,3504,U3,F,93742,30
2,FL,3306,C2,M,39479,4
2,TN,4601,R2,F,54142,21
0,CA,4703,S1,M,168038,36
0,AL,2601,C1,F,48675,5
0,CA,6201,S2,M,158980,20
0,CA,3801,S1,F,153888,10
1002,CA,2001,S1,M,162300,20
1,CA,0,U1,M,163081,7
0,OK,2101,S1,F,14000,12
0,WA,3601,S2,F,6599,11
0,AZ,0,T1,M,135454,15
1,TX,2809,C3,M,128643,4
0,TX,0,S1,M,116420,20
1,FL,1911,S1,M,35101,20
0,IA,0,R3,M,75474,15
0,MI,4507,C1,M,785,18
2,GA,3701,T1,F,27624,8
0,MI,1801,S1,F,73754,25
0,NV,0,S2,F,141189,25
28,HI,5201,S1,F,1544,10
0,TX,1801,T2,M,124149,14
2,SD,0,R3,F,85890,20
0,FL,0,T2,F,37005,11
0,CA,0,U1,U,166324,19
28,CA,3001,U4,F,13448,5
1,WA,4811,T2,M,180428,20
1,MO,3201,S1,M,12517,1
0,IL,2201,R3,F,99246,20
2,OR,2501,T2,F,174760,5
1,TX,4401,,M,124379,5
2,OR,0,T2,F,176862,20
1,AZ,2101,C2,M,188986,9
0,CA,6201,C2,F,148906,6
1,LA,5201,T3,M,109646,10
0,IN,5601,C2,F,62295,20
1,CA,0,S1,M,162650,5
1,MO,3101,S3,M,99836,21
1,FL,5304,T2,M,33994,6
28,IL,0,U3,F,93432,11
2,IN,3501,R2,F,62786,11
1,FL,3701,C2,M,44634,10
0,CA,5401,U1,F,146914,10
2,MI,4701,C3,F,70079,15
2,SC,4401,T2,F,24871,16
0,UT,4601,U1,F,150660,12
1,CA,0,C2,M,169700,25
0,IN,4801,T2,F,63542,26
2,TX,1601,S2,F,125164,50
0,MI,801,C3,F,65634,12
2,IN,5101,T3,F,59285,10
1002,WI,1301,S2,J,78802,15
2,WI,0,R3,F,186460,20
1,OK,2112,C1,M,114579,10
0,SC,0,C3,F,23184,10
0,TX,1802,S2,F,125289,7
0,MI,0,T2,M,10502,15
0,AL,0,R3,M,46844,10
1,CA,3701,U1,M,162814,10
0,IL,1708,C2,M,89653,3
2,CA,6209,S1,F,170818,10
1,SC,2101,T2,M,6147,24
0,CA,2801,U2,F,14276,15
28,TX,2608,R3,F,120166,12
0,CA,0,U2,F,156817,20
1,FL,3609,C3,M,35476,25
0,CA,3301,U2,F,155382,30
0,MO,0,R3,M,104049,3
1,AR,2401,R3,M,112461,10
2,WI,201,U1,F,79580,21
2,ND,0,T2,F,86528,3
28,NE,0,R2,F,107658,10
0,MI,2801,R2,F,69537,15
2,WI,4308,C2,F,81284,25
1,FL,0,T2,M,32475,20
2,KS,3801,R2,F,104505,25
0,WI,0,R3,F,13483,17
1,OR,810,T1,M,1042,8
1,GA,2801,S2,M,28337,20
0,MI,2207,U4,F,67808,10
2,FL,2101,T2,M,35017,10
1,CA,2305,T1,M,10973,12
1,MI,0,S3,M,67030,50
2,TX,4903,U4,F,122279,5
1,NC,5101,T2,M,18802,20
2,IL,3905,S2,F,90092,10
0,IL,2601,T2,F,98821,10
1,TX,4212,R2,M,116186,10
28,NC,0,R3,F,18359,10
28,TX,0,S1,F,128970,14
0,CA,0,T3,M,172635,16
2,KS,1401,T1,F,106508,20
0,WI,0,C3,F,81067,15
2,CA,4501,T2,F,169106,5
0,NE,3801,S2,F,106898,5
0,SC,4405,S1,F,24747,15
1,CA,2501,U1,U,144906,20
0,FL,1509,C1,F,40516,21
0,CA,3601,T1,F,172530,7
1,MI,1701,T2,M,72438,10
1,CA,1201,S1,M,144076,50
1,CO,1404,S1,M,130609,16
2,FL,4601,S2,M,43974,5
0,FL,5601,C2,F,32709,15
0,SC,0,S1,,187298,10
28,TN,2301,S2,F,50905,16
2,MS,3203,R3,M,55552,20
28,GA,5204,S2,F,28550,15
0,CA,2910,U3,F,158460,15
0,KY,0,R2,F,56449,5
0,WA,3603,T2,F,133315,10
0,CA,4001,S2,F,164251,5
0,NV,0,S1,,149626,10
2,TX,2801,R2,F,123805,7
0,CA,5601,T2,F,156077,15
1,WA,4801,R2,M,183858,25
0,CA,4011,T1,M,164217,25
2,CA,4001,R1,F,169973,15
2,NC,4601,R3,F,15066,10
0,IN,4801,R2,F,64467,12
2,ID,2412,T2,M,133814,25
0,FL,4802,S1,F,31852,26
0,MN,2308,S2,J,82610,5
0,FL,3001,C1,M,34319,25
28,CA,4501,C2,F,152527,23
1,WA,0,S1,M,178290,6
0,CA,0,S1,F,153818,10
0,CA,0,S3,F,152641,50
0,CA,3401,C2,F,161691,25
0,TX,1501,R2,U,8404,10
28,IL,3001,S1,F,88119,10
0,TX,0,C2,F,122167,10
0,NE,2001,S1,F,106639,15
0,CA,0,U3,,153450,47
1,TX,1803,R3,M,120107,26
2,MI,0,R3,M,72617,9
0,CA,3410,T1,M,155541,10
0,WI,4306,S1,M,77107,14
1,TN,0,R2,M,186016,10
2,CA,5305,S1,F,152053,25
1,FL,1401,C1,M,12880,10
0,NC,2701,R2,F,16099,12
1002,CA,5401,S1,M,166337,15
28,CA,0,U1,F,142495,21
0,MI,0,S1,U,66891,5
0,TX,0,R2,F,118673,10
28,CA,0,U1,F,168389,20
0,CA,0,U1,F,14982,15
1,MN,4701,C1,M,185925,10
0,CA,1909,U2,F,144393,15
2,MT,0,C2,F,4907,22
1,MO,4001,S2,M,99298,32
1,FL,0,T1,M,187532,15
0,TX,0,S1,F,119496,5
0,CA,4801,T2,F,169919,20
1,NE,6102,S2,M,106963,15
0,CA,0,S1,U,145838,8
1,CA,0,S2,M,150624,8
0,FL,5208,S2,F,182144,7
1,AZ,4801,S2,M,135449,10
1,AL,1901,T2,M,49743,22
1,MI,7001,S1,M,65500,15
0,CA,6601,C2,F,172420,6
0,CA,2301,C2,F,7494,6
4002,CA,3803,S1,J,149498,20
0,CA,0,C2,,169780,10
0,MI,7501,T2,F,70944,20
1,TX,801,C3,M,117230,11
28,TN,5406,T2,F,50427,15
1,FL,2108,C2,M,43998,22
2,MI,1511,T1,M,71255,13
1,IN,2301,C2,M,63308,10
0,MN,2001,R2,F,82196,5
28,MO,0,T2,F,114820,10
0,OR,3101,C1,M,176781,10
1,NC,2601,T2,M,20438,10
0,IL,0,S2,F,91879,20
2,IL,0,S2,F,92443,10
1,CA,5001,U1,M,168189,15
1,CA,4709,C1,,148998,25
1,CA,509,C2,M,186292,10
28,IA,4409,C2,F,75180,15
28,IL,912,U1,F,88596,14
0,CA,0,C3,F,155266,11
0,FL,3201,S2,M,13622,10
1002,MS,4306,,F,189853,8
1,OR,4201,S2,M,175708,30
0,WA,3605,S2,F,182243,10
1,CA,2201,T2,M,171566,15
0,CA,3701,R1,F,156266,20
0,FL,2401,S1,F,41604,10
0,NY,0,S2,F,187678,5
0,FL,0,T2,M,42165,10
1,SC,3411,R2,M,24507,25
1002,FL,4201,T2,M,44657,5
2,IL,0,R3,M,10554,20
0,FL,3501,C2,F,33192,10
1002,IA,3307,T2,M,76470,10
2,MI,4601,S2,F,67075,18
0,CA,4801,S2,F,169827,21
0,FL,709,C1,F,38734,26
2,MI,3101,U3,F,65245,10
0,AL,4311,T2,M,186396,20
0,TN,2801,R3,F,54160,10
0,CO,5102,S1,,178826,20
1,IL,2504,S2,M,7507,10
0,MO,4412,C2,F,4150,14
2,TX,5901,T2,F,120041,8
2,TN,2805,C3,M,51486,6
28,CA,2701,T2,M,173348,8
0,MI,0,R2,F,74669,20
0,IN,0,R2,F,64430,13
0,CA,4101,U1,F,156485,10
0,FL,6001,C3,M,39935,4
0,TN,0,C1,U,50187,20
0,GA,6801,C1,F,26254,10
28,GA,2201,C1,F,30433,15
0,CA,1804,U2,F,189373,15
2,IL,5810,T1,M,91756,7
0,WA,6201,C3,F,182279,20
0,TX,4501,C1,F,122465,8
1,SC,5201,T2,M,24666,15
1,NC,2301,S1,M,19664,10
0,CA,0,U1,F,162228,25
1,IA,5602,C2,M,76578,9
0,TN,1604,C3,F,52740,8
0,CA,1504,C2,F,159174,10
1,CA,3901,U2,M,156903,3
1,OR,2604,R2,M,177926,15
0,NV,904,T1,,142057,15
1,OR,4501,S1,M,175637,20
1,FL,4501,R3,M,32096,16
0,GA,7001,,F,26946,30
1002,CA,0,C2,J,160863,10
0,KY,5501,T2,F,57162,20
0,TN,5301,T2,M,12220,5
0,CA,3201,U3,F,170563,5
0,WI,3101,T2,M,79389,11
1,WA,3901,C1,M,180752,8
2,MN,6001,S1,F,82701,25
28,CA,5201,U3,F,158506,15
28,MN,3801,T2,F,84708,25
1,MO,1908,R3,M,103543,11
2,CA,0,R2,F,164175,15
28,CA,3707,U1,F,145120,10
0,MS,4808,C3,F,55358,30
1,GA,0,T3,M,26665,30
28,FL,3301,T3,F,42279,5
0,CA,0,S1,,148354,8
0,TN,0,S1,F,123822,10
1,NC,4401,R3,M,22038,10
0,MN,605,R2,F,185024,8
0,CO,3705,U4,F,129600,20
0,CA,0,R2,M,107613,7
0,CA,2207,C1,,165302,20
0,CA,6101,C2,F,152990,20
1,IL,4709,S1,M,88766,15
1,CA,1402,S1,M,4522,20
0,FL,1809,R1,M,32350,20
0,AR,0,C1,M,74774,21
28,MI,6201,C3,F,67475,5
0,KS,0,R2,M,104267,5
2,CO,604,C2,F,131031,18
0,CA,4307,U3,M,158058,5
2,WA,0,C1,F,181755,5
1,WA,3301,R2,M,181412,5
28,WI,0,R2,F,185602,10
1,SC,5801,S2,M,23603,25
2,OK,3601,T1,F,112943,12
1,FL,2912,C3,M,44853,12
0,MN,1211,T2,F,83094,20
0,CA,0,S1,F,148166,20
0,MO,5801,C2,F,101113,10
0,MO,5111,S2,F,101889,16
0,KY,1401,T2,F,58808,10
0,MN,0,R3,F,85498,10
0,CA,5201,S1,F,153864,20
1,CA,5111,U1,M,145496,22
0,GA,0,C3,M,27566,30
1,FL,5801,S2,M,38031,10
0,CO,4701,T1,,130756,20
0,MT,0,R2,,87281,8
2,NC,3301,C1,F,16863,50
28,NC,5301,T2,,20065,40
0,CA,1601,U2,M,142554,15
2,MN,2309,R2,F,10789,3
0,IN,3811,T1,F,64224,20
0,IL,6609,C2,M,6695,6
0,NM,5301,T1,F,139799,25
1,TX,4801,S1,M,1254,30
0,CA,1604,S1,M,1549,50
2,SD,1901,R2,F,2159,9
1002,WI,6206,T1,M,80903,15
28,FL,3407,,F,186731,15
1,MI,1312,S2,M,67342,30
2,OK,3601,C1,M,30366,6
1,IN,5401,R3,M,64441,10
28,OR,4801,R2,F,175155,21
2,WI,2812,R2,F,82015,18
0,CA,4401,S1,M,170912,20
2,WA,3704,S2,F,183055,10
2,UT,0,R2,F,134032,10
0,WI,0,T2,F,186573,3
2,FL,5502,C2,F,37299,15
0,CA,703,C2,M,165746,10
1,CA,1902,S1,M,189520,20
0,GA,4301,T2,F,26579,10
0,LA,4501,T2,F,109583,5
2,FL,2401,S2,F,40341,15
0,AR,5306,C3,F,111615,25
0,IL,0,U3,F,93397,20
1,CA,1701,U1,M,5881,12
0,IL,1708,U1,F,93184,10
2,IL,2605,U2,F,9946,5
0,AL,5701,T1,M,46671,10
1,CA,5401,C2,M,172750,25
1,NC,3001,C1,M,22264,10
2,KY,2601,U4,F,56479,4
1,CA,5501,S1,M,164372,25
1,CA,2201,S1,M,5140,7
0,FL,4401,C1,F,32198,9
0,OK,0,T2,F,113607,15
0,NC,0,C1,F,19499,20
1,MI,4704,R2,M,73028,9
2,FL,0,S2,F,35553,20
0,FL,3701,C1,M,35463,30
1,IL,0,C1,M,91591,10
0,LA,5701,T2,F,109099,6
0,HI,3201,U1,F,174182,20
0,WA,4808,R2,F,183722,20
0,IL,2008,C2,F,98374,15
28,TX,3911,R2,F,126681,15
1,CA,901,U1,M,147936,5
28,CA,0,S3,F,152133,5
2,KY,3503,R3,F,57929,10
0,NC,0,R2,U,15697,20
0,IL,6401,U1,F,92814,25
0,IL,3505,R2,M,98282,15
0,GA,4301,T2,F,27798,10
1,FL,3709,C3,M,45503,5
0,CO,1602,C1,F,6006,100
28,AZ,2911,C2,F,138182,5
0,CA,0,S1,F,144714,16
1,IL,5508,C1,M,10001,16
1002,CA,5701,S1,M,157860,4
1,KY,2801,R3,M,58351,9
0,IL,2801,C3,F,97552,50
1,SD,0,,M,85920,20
1,GA,3410,T2,M,29401,15
1,AL,1201,C1,M,12715,15
2,IL,1601,C1,F,90031,3
0,MS,2504,R3,M,55442,25
0,KS,5711,S1,F,105984,10
1,AZ,0,S1,,188035,23
0,MO,7308,T2,F,101665,5
2,MI,5601,R2,F,70774,4
0,SC,3304,R2,F,23263,30
0,CA,4201,C1,U,166475,10
1,MN,4005,T2,M,83042,10
0,CA,0,S2,F,149970,15
0,TX,3001,R2,F,13863,6
0,IN,0,C3,F,64074,10
0,FL,0,C3,F,42096,20
2,CA,0,R2,F,169188,10
0,NC,4901,T1,F,18609,10
1,LA,3401,T2,M,109536,7
0,OK,1401,T1,M,9348,10
0,AZ,2001,S1,M,136790,5
2,MI,3601,R2,M,71332,7
2,AZ,3408,S1,F,135430,25
0,TX,0,T1,F,124484,8
0,WA,0,C3,F,184098,9
0,CA,4301,,F,144850,5
28,IN,2401,S1,F,188519,5
28,CA,0,S1,F,164367,20
28,IA,5601,S3,F,75992,8
28,FL,2401,C1,F,34957,10
2,LA,5305,C3,F,110094,18
0,TX,6410,U1,F,121590,10
0,NM,3101,R2,F,140652,20
0,UT,0,S1,F,134319,13
0,GA,0,T1,F,27921,14
0,GA,5401,T1,F,29373,20
980,AL,0,T1,,130684,6
1,CA,0,S2,M,190920,20
0,CA,0,S1,F,187259,15
28,FL,4001,C3,F,45666,5
2,NC,0,T2,M,21335,10
1,CA,3201,T2,M,160424,20
0,FL,6008,,M,2194,4
0,TN,0,R3,M,53151,40
2,TX,903,R2,F,126069,5
1,OR,0,C3,M,176292,25
0,CA,4401,T2,F,151518,15
28,HI,0,S1,F,173872,15
0,TX,0,R3,F,117726,10
0,NC,5601,S1,J,18948,17
2,IL,2007,T2,F,7330,6
1002,CA,4012,T1,M,160576,15
2,MI,1312,T1,M,72190,13
0,KY,0,T2,F,13292,10
0,CA,6201,,F,13551,10
0,CA,0,R2,F,170935,10
1,TX,5601,T2,M,126888,20
0,CA,2001,T2,F,170215,8
1,CA,0,U3,M,168574,100
1,IL,5003,C1,M,90482,20
1002,NC,3501,T2,M,18896,20
0,CA,2601,R2,F,161335,13.92
2,MN,3801,S2,F,82141,10
0,TN,0,T2,F,187659,15
0,CA,1901,U2,F,143523,3
1,IN,5201,R2,M,64442,8
1,CA,5001,C2,M,151902,10
0,NM,0,T2,F,140027,25
1,CA,1601,S2,M,147636,11
1,MN,4406,T2,M,85010,9
1,IL,0,S1,M,12454,15
0,TX,0,R2,F,118166,10
0,AZ,6401,T2,F,64165,20
2,OR,2708,S1,M,191663,10
0,AR,0,R3,F,111021,10
0,CA,7001,S2,F,169280,10
0,AZ,5307,S1,F,138590,30
1,TX,4201,R2,M,123386,22
1,TX,5601,C1,M,121759,20
1,MI,3301,R3,M,73534,6
0,CA,0,U1,F,168423,25
0,CA,0,C3,,169605,7
0,CA,0,S1,,157573,47
0,SC,0,R2,M,23706,15
0,NC,0,R2,F,21855,20
0,CA,0,S1,F,148511,20
9,CA,6001,T1,M,3579,18
0,WI,0,T2,M,542,10
2,IL,1503,S1,M,92079,15
28,TN,2401,S1,F,50967,15
1,CA,0,R2,M,160997,10
1,TX,2101,C1,M,121718,30
28,TX,0,S1,F,68807,15
1,TX,0,R3,M,155045,10
1,CA,0,C3,,146703,15
1002,WI,4612,C2,J,81298,10
2,CA,2301,U1,M,172301,23
0,IL,3312,C1,M,92241,20
0,TX,2207,U1,F,116930,20
0,NC,2301,C1,M,20338,12.5
2,OR,0,R3,F,177113,14
0,AL,0,T2,F,46687,10
1,CA,2607,T1,M,171137,14
0,IN,0,T2,F,2499,5
0,CA,0,U1,F,149644,20
0,NC,2211,C2,F,18584,12
0,CA,0,U1,F,186486,3
2,CA,3908,S1,F,148544,10
0,NC,3001,R2,M,17217,10
2,AR,0,T3,F,111833,5
0,CA,0,S3,M,158245,5
2,WA,3102,S1,F,179776,10
1,CA,2201,S1,M,165102,25
28,IL,0,T2,F,95341,10
0,CA,2901,S1,F,166375,11
1,MI,6001,R2,M,69577,8
0,GA,2501,C2,F,29785,15
1,MI,3501,S2,M,188279,10
2,CA,4601,U2,F,150970,20
0,WI,3703,S1,M,77799,10
28,IL,1501,U1,F,90694,30
1,HI,0,S1,M,173508,25
0,ID,0,R2,F,102775,20
2,TX,1701,U1,F,117255,10
2,CA,3102,S1,U,145392,15
1,TX,5001,U1,M,185052,100
0,WA,1501,U1,F,179423,20
1,KS,1202,R2,M,6304,20
1,OR,0,S2,M,3631,13
1,WI,4610,C1,M,78199,15
2,TX,0,T3,M,128496,6
1,FL,5001,C2,M,1292,15
0,OK,5201,T1,,114676,20
1,IL,0,U1,M,93065,10
1,TX,1201,S1,F,125181,8
0,CA,4204,U1,F,157204,20
1,MI,5701,T1,M,69445,10
2,FL,4306,S2,F,14370,5
1,NV,3106,T2,M,10092,10
0,TX,0,R3,F,58883,5
1,IL,1701,T2,M,99136,12
1,CA,1307,C3,M,187142,24
1,TN,3201,T2,M,53893,25
0,CA,0,S1,M,161980,4
1,SC,3108,S1,M,23027,15
1,TX,2601,C3,M,128963,10
1,CA,6001,U1,M,7917,3
0,FL,1801,,F,190562,10
0,CA,0,U1,F,168234,23
0,FL,2112,C2,F,41089,5
1,OR,4307,T1,M,174803,10
1,CA,2001,S1,M,162208,10
0,OK,0,T2,,113045,25
2,WA,3104,S2,F,182105,10
0,NC,2401,R1,M,19323,16.87
0,TX,2401,T1,M,124683,12
1,GA,2410,S2,M,25641,10
28,CA,6209,C2,F,165440,20
1,TX,1907,T2,M,124395,20
0,MI,3902,R2,F,73504,20
0,CA,0,,F,188439,14
2,TX,0,S1,F,187518,16
1,SC,4401,T2,M,24212,6
28,NC,5701,T2,F,21386,10
1,LA,0,C3,M,110291,12
1,MI,2401,R3,M,44828,6
0,FL,4605,U3,F,45008,10
0,MS,0,R3,M,55484,25
2,CA,1212,U3,F,149429,10
1002,AL,0,R3,M,48455,8
0,GA,1401,S1,F,28621,25
0,CO,0,C2,F,131467,2
2,CA,0,T1,F,160579,9
0,NC,4801,T1,M,20533,25
0,GA,2801,R2,F,29103,11
1,TX,0,,M,122350,25
28,NE,1701,,F,191547,15
1,CA,0,U1,M,4544,20
28,NV,0,S1,F,140808,25
0,IA,1001,C3,M,76625,6
28,KY,6601,C2,F,57349,7
2,GA,1705,R2,M,27366,16
1,MO,2308,S3,M,100146,25
1,LA,0,C3,M,11991,25
0,GA,5101,C1,F,27736,8
0,OK,0,R2,U,114873,10
28,CA,0,U2,F,156997,25
0,WI,2410,R3,M,80646,4
28,WI,901,C3,F,190837,11
1,NC,2401,R1,M,18322,10
0,TX,0,C1,F,118819,20
1,WY,5301,C2,M,14233,25
1,NV,0,T2,M,142163,12
0,CA,0,U2,F,149757,22
1,AL,5201,R2,M,49650,10
0,IN,1901,C3,F,61191,10
1,SC,4001,S2,M,23491,10
0,MT,2101,C2,F,87127,10
2,SC,2001,T1,,263,10
1,AZ,3510,S1,M,137962,10
2,NC,4801,R3,F,21746,10
28,NM,2901,T2,F,140632,20
0,NC,0,R2,M,20773,5
2,WI,2307,R2,F,81006,6
2,AZ,0,U1,F,135060,20
1,ND,4901,C1,M,86626,6
0,CA,0,R3,F,173039,50
1,KS,0,R2,M,105660,5
1,FL,1101,S2,M,35935,21
1,FL,2802,T2,M,31746,6
0,MI,0,C2,F,71491,25
1,FL,0,S1,M,188666,25
0,AZ,5212,C3,F,135016,14
0,OR,4501,S1,F,175283,50
1,MI,1305,R2,M,69983,11
0,FL,0,R2,M,42291,15
1,CA,1502,C2,M,160869,4
0,IL,0,C1,F,28003,15
0,KS,1403,S2,F,104732,10
0,TX,1308,R3,U,126035,21
1,GA,5712,T2,M,29852,17
1,TX,4612,T2,M,118091,20
0,MI,1503,R3,F,8204,10
28,IL,5001,S3,F,90947,25
1,CA,0,S1,U,144769,6
2,NV,2609,C2,F,6912,15
1,TX,4104,,M,2464,7
2,MI,0,R2,M,71400,15
3,IL,1001,S2,F,250,15
1,MO,1701,C1,M,99325,10
0,TX,4401,R2,F,120461,20
0,GA,0,C2,,185760,10
0,ID,0,R2,F,133285,30
1,IN,4510,C3,M,60526,6
2,GA,4212,S2,M,26858,15
2,IN,2101,R2,M,61488,7
0,WA,3001,S2,F,182156,27
4,ID,1906,R1,M,133925,25
0,OK,2801,T2,M,115431,5
1,MI,4701,R2,M,72366,20
28,FL,3801,S2,F,32527,3
1,OR,1701,C3,M,175974,11
0,IL,0,T3,F,96008,5
1,NE,2812,T2,M,106610,15
0,WI,0,C1,F,80395,50
2,SD,3611,R2,M,86225,10
1,MI,0,T2,M,43595,6
1,CA,2801,S1,M,144812,50
0,WA,0,C1,F,182480,50
0,AZ,0,S2,F,135265,14
0,MN,1111,C1,F,84610,4
0,TX,0,T2,F,116533,10
2,GA,2710,T2,U,29501,21
0,MO,3301,U3,F,102351,23
0,OK,0,T2,F,136935,15
1,AZ,0,T2,M,137833,25
1,CA,2301,S1,M,162392,20
0,CA,3408,C2,F,186713,15
0,WA,803,,F,12573,102
1,AR,0,T2,M,112594,15
2,CA,1801,S1,F,145123,5
0,KY,1712,T2,F,58374,10
1,LA,3909,U1,M,108316,24
2,MI,3811,R2,F,71312,3
3,NV,3505,T1,F,142241,30
0,IA,0,T2,F,7238,12
28,CO,0,R2,F,132003,8
1,CA,4011,C3,M,172220,19
0,MI,1004,,M,189916,5
1,IL,3801,C2,M,89358,20
28,MN,0,S2,F,82843,5
0,MS,5106,,M,56124,20
0,IA,1501,C1,M,75840,20
28,CA,4701,U1,U,163220,26
0,MI,1101,C2,M,74615,9
0,FL,1809,S2,F,45808,10
1,CA,5010,S1,M,162593,14
2,NC,5201,T2,F,20237,13
2,MS,2606,R3,F,54828,5
0,OR,0,U3,F,168589,10
0,CA,2001,U1,U,168275,36
3,OR,2001,U2,,175438,25
0,MI,0,U2,,68427,25
2,IL,4201,S1,F,89680,15
0,CO,5901,R1,F,132131,25
0,WA,2612,S2,F,180175,20
0,SD,0,R2,U,85931,6
1,CA,5201,S1,M,147305,15
28,TX,3401,T2,F,122404,25
0,GA,0,S1,M,27670,25
3,NC,3901,C1,F,17791,25
1,OK,1901,C2,M,113728,15
0,TN,5501,R3,F,51846,25
0,TN,3701,C2,F,51528,5
2,CA,0,C2,U,155642,12
1,MO,6201,T2,M,99497,5
1,IL,5209,T2,M,95240,11
0,TX,709,R2,M,126639,8
1,NC,2701,T3,M,15965,5
1002,OK,0,T2,M,114321,25
0,WY,3401,R1,F,132567,20
1,WI,3307,S2,M,78312,15
0,SC,0,T1,M,188078,10
0,MO,2810,C2,F,102398,12
0,FL,1308,S1,M,45116,5
2,CA,2001,R1,M,155921,25
0,WI,6501,T2,F,77196,25
0,CA,0,R1,,10893,20
0,NC,2707,C3,F,19621,21
0,CA,4908,U2,F,149653,10
0,CA,1801,C2,M,159750,9
0,AZ,3401,S1,F,136269,15
0,LA,4909,S2,M,108029,5
2,WA,1401,,F,10719,19
0,CA,0,S1,M,156572,25
0,CA,0,S1,M,152737,7
0,IL,2001,U2,F,94307,15
28,CO,4401,C3,F,129947,20
28,LA,0,C2,F,108919,15
1,TX,5101,C1,M,4055,10
2,OR,1508,C2,F,175907,15
0,IN,5001,R3,F,13188,100
2,FL,3208,S1,M,35181,25
2,TN,0,T2,M,53127,30
0,IL,2901,S1,F,88056,5
0,CA,2703,S1,F,145944,13
0,ND,0,R2,F,86640,13
0,MO,5807,S2,F,99673,22
2,IL,1401,C3,M,96000,10
2,CA,0,R1,F,170256,10
1,NC,5201,T2,M,20821,10
28,CA,0,U1,F,189715,25
980,WA,1008,R2,J,183898,3
2,CA,0,U3,F,155157,12
0,AZ,2512,C2,M,137134,10
2,CO,2401,C2,F,129602,13
28,WA,4001,C2,M,182286,20
0,AZ,0,R2,F,138804,10
1,MO,501,U1,M,100569,15
0,CA,3901,S2,M,9287,8
2,MO,2712,C1,F,104108,11
0,MI,5612,S2,F,1357,15
0,WA,0,C1,M,10784,10
0,NM,4501,R2,F,140049,20
0,CA,0,T1,F,170489,20
2,WA,4411,R2,F,184289,10
0,FL,2101,C2,F,36353,17
1,IL,3601,T2,M,97689,10
1,ID,5001,T1,M,133229,25
2,TN,0,R3,F,51845,18
1,AR,810,C2,M,111485,30
0,IA,4401,T2,F,75331,25
0,IL,2101,T1,F,96448,8
1002,IL,3101,S1,M,88802,25
28,WA,4801,T1,F,183702,10
1,OR,6101,U1,M,175535,20
0,FL,1801,C2,M,35325,30
2,WA,4212,C2,M,181655,50
0,IL,0,C2,F,95582,21
1,TX,6901,T2,M,14394,10
1,WI,4001,R2,M,81823,45
1,CA,5201,U1,M,143470,17
0,IA,3601,C3,F,77048,7
1,NC,3801,T2,M,20962,15
1,KY,1811,R2,M,58725,15
1,TX,5002,C2,M,124104,23
0,MI,3501,T1,F,65136,20
1,WY,4201,T1,M,132558,15
0,MN,2205,R2,M,82248,8
2,FL,5701,U3,M,38944,25
0,AL,2401,R3,M,47111,5
0,CA,2801,U3,U,165620,4
0,IN,6101,R3,M,59561,9
2,GA,0,R3,F,27423,5
1,FL,0,C1,M,13484,11
1002,ID,0,T2,M,133491,100
0,IN,0,T3,,63000,25
0,IA,0,C2,F,187284,10
1,CO,4812,R2,M,131423,25
0,SC,2901,C2,F,22942,9
0,MN,2001,T2,F,85579,20
2,CA,4801,U3,F,3009,20
0,KS,1501,S2,F,105923,7
1002,MI,0,T1,M,187722,7
2,NC,0,R2,F,15566,10
0,MN,1601,R2,F,84745,7
2,WI,4401,C1,F,78172,25
1,IN,1908,C3,M,186334,10
0,CA,2001,C1,F,170767,15
1,CA,4401,S1,M,149152,20
0,IA,4404,C2,F,959,10
1,WA,5001,S2,M,179563,23
2,FL,2201,S2,F,41243,12
0,CA,1406,C2,M,160500,5
1,WI,5001,,M,77605,15
0,TN,0,U4,F,190064,20
0,AZ,0,T2,F,138758,20
1,MI,6001,R2,M,8531,10
0,GA,0,C2,,27846,200
1,SC,0,T3,M,22782,10
0,MI,5801,S2,M,66223,10
1,CA,0,,M,189616,35
0,WI,0,S2,F,79649,15
28,AZ,1603,T3,F,138999,10
0,MO,3702,R2,F,8232,10
2,FL,0,C2,F,43020,15
1,TX,4208,S1,M,118862,12
1,GA,5201,R2,M,30104,15
0,CA,0,T1,F,154614,20
0,KY,3601,R1,F,57151,26
1,MI,4401,T2,M,71425,7
1,CA,0,U1,M,190579,4
2,FL,1808,C1,F,42997,7
2,OR,4410,T1,F,132896,25
0,TX,0,T2,M,120189,25
28,AZ,3601,T2,F,138829,25
0,CA,3601,S1,M,167462,15
28,CA,3101,T2,F,160401,13
28,OR,0,S2,F,174934,5
2,CA,2401,S1,F,2020,7
4,MI,4912,T2,M,74235,26
0,CA,0,S1,,167039,5
0,CA,0,C1,M,165509,10
0,CA,2401,U3,,151653,10
0,MO,2401,S2,F,100132,15
0,CA,4601,T1,F,161726,7
0,TX,4610,T2,M,125986,17
2,MI,2702,S2,F,185394,5
2,FL,5801,T2,F,43799,20
1,KY,3910,T2,M,185464,15
13,TX,1709,S1,M,125325,20
1,OK,4801,S1,M,112679,20
28,CA,5501,S1,F,2415,25
0,CA,0,S1,F,166866,12.5
2,TX,402,C1,F,4211,25
28,WA,2601,C2,F,182395,10
28,NV,0,S2,F,188178,8
0,CA,0,C1,F,147835,20
0,MD,2104,T2,M,5532,15
1,TX,4801,C3,M,128857,15
2,FL,1007,C2,F,40058,25
0,WA,0,,,179377,10
1,CA,0,U2,M,166207,9
0,TX,0,C3,U,124227,25
2,TN,3008,S1,F,7173,32
2,MN,0,R3,M,85152,10
1002,FL,3301,S2,M,32807,5
0,FL,607,C1,F,268,33
0,LA,3601,T2,M,109514,6
0,WA,5707,C3,F,181644,12
0,NC,5001,C3,F,62585,25
0,CA,604,U1,F,163354,10
0,IL,6506,C3,M,98672,5
0,CO,0,S1,F,190614,3
0,CA,5401,S1,F,155607,38
1,CA,3906,R2,M,161804,5
0,FL,0,C2,M,11348,5
1,AR,2801,R3,M,111380,10
2,ND,1201,R3,M,86578,15
0,CA,4401,S1,F,157904,6
1002,NV,0,S2,M,140924,7
0,FL,5511,S2,F,32972,12
2,CA,3601,S2,F,149541,10
0,WA,2801,T2,F,182604,15
28,MO,3001,C2,F,103876,20
2,MI,1909,C1,M,65999,25
28,KS,3501,C1,F,104394,10
28,TN,4402,S1,F,117524,25
0,CA,1501,S1,F,147904,50
1002,KS,5001,C3,M,105815,20
1,FL,4308,T1,M,31778,25
1,AR,2410,R2,M,112084,14
1,KY,2201,T2,M,58850,6
2,TX,801,,M,185901,10
0,UT,0,S2,F,134566,10
2,CA,1601,S1,M,185819,13
0,TX,2612,R3,F,3985,12
0,SC,3011,T1,F,23321,10
0,CA,5009,S2,M,158978,15
1002,FL,6206,S2,M,14388,10
1,CA,1407,R3,M,12779,10
0,FL,2209,S2,M,39667,15
1,CA,5401,S1,M,163731,11
0,CA,5308,U2,F,156457,25
2,MO,7201,S2,F,100369,28
1,FL,3001,S1,M,46201,15
0,TX,2301,R2,M,118182,5
0,NM,1801,C2,F,67,5
0,TX,1404,U3,F,116951,6
0,CA,0,C2,F,160032,25
0,IN,0,R1,F,60694,25
0,WI,1401,T3,F,80387,5
1,CA,4007,S1,M,158143,16
1,SC,2101,T1,M,25277,17
28,WA,2501,U3,F,179454,20
0,NC,0,S2,F,145899,20
0,WA,0,R2,F,183790,14
0,TX,3602,C3,F,119538,16
1,SC,5201,T2,M,24991,11
0,OK,6201,C2,F,113501,5
28,CA,1801,U4,F,185353,3
0,MI,2002,T2,F,72308,46
2,LA,3801,R1,M,110519,17
0,TX,0,R2,U,124193,6
0,WA,0,T2,F,181526,13
0,AK,0,R2,M,2796,25
0,MI,3101,U4,F,67954,35
1,IL,2003,U2,M,93809,10
1,LA,4501,T2,M,109520,15
1,IA,4207,S3,M,76051,20
0,CA,0,U1,F,145521,16
0,MT,2401,R1,F,87533,5
0,WI,2201,T2,F,82026,12
0,IL,3001,R2,F,97055,22
1,MI,1901,R3,,74701,20
1,WA,0,R3,M,183374,10
2,GA,0,C3,F,28565,7
2,NM,3801,U2,M,139628,20
1002,OK,5701,C2,J,113686,15
0,TX,7001,C1,F,123862,3
0,CA,3601,U3,F,151629,15
0,LA,3611,T2,U,5404,10
28,CA,1501,S1,F,150516,25
0,VA,0,S1,F,31911,5
1,MI,4809,T1,M,2379,10
0,CA,0,U4,,151455,20
0,IL,5208,C1,F,90499,10
28,OR,0,C3,F,177307,10
3,MI,3401,S1,F,65423,10
1,IL,1004,S3,M,95800,20
2,IL,4505,S2,,91965,16
0,KS,6701,S2,F,104721,10
0,CA,0,U1,F,165177,5
0,CA,0,U2,U,156929,15
1,TN,5501,R2,M,52549,30
0,TN,4808,T2,M,51706,15
28,TX,3001,C1,F,117969,9
1,FL,3204,C2,M,2235,12
2,CA,2801,R1,M,161023,20
28,NM,0,R2,F,139887,20
1002,NM,1008,C1,M,186212,7
0,CA,4001,S1,F,162759,18
1,IL,3308,S2,M,95654,20
0,MO,6201,C3,F,101774,8
2,NC,0,T2,M,21710,10
2,MI,701,U2,F,65565,10
4,CA,5302,S1,F,171631,10
0,SC,6001,T2,F,24869,8
1,SD,4201,T1,M,129846,11
0,CA,0,S2,F,150379,20
1,FL,4801,S1,M,36590,10
28,IN,5408,T2,F,59744,16
0,IL,0,T2,F,31893,20
0,AL,0,R3,F,46884,15
28,MI,7201,,F,66745,5
0,WA,0,,,10709,23
0,MI,3305,R3,M,73984,10
1,GA,5801,T1,M,27597,9
0,CA,0,S2,U,150587,20
0,GA,0,C1,,187191,25
2,MN,2908,R2,F,85357,15
14,CA,2201,U1,M,156866,25
0,AE,4701,C1,F,164513,50
0,CA,0,U2,,163369,6
2,TX,1201,T2,F,551,20
0,NC,5201,T2,F,18750,20
2,WI,4401,R1,F,81277,25
0,TX,0,S1,F,128121,10
0,MN,2501,S2,F,84199,5
2,WA,5008,T2,F,183476,25
1,CA,0,U1,M,162994,10
4,GA,2801,C1,M,32040,20
1,MI,6105,C1,M,65968,9
0,AZ,2501,C3,M,135896,2
1,FL,1801,C2,M,46461,12
0,FL,0,T2,,2396,5
0,IL,3705,U4,F,93500,10
28,IL,3912,S3,F,90899,17
0,TX,0,R3,U,116542,20
0,GA,5901,T2,F,29868,25
0,CA,0,R2,F,171521,6
0,NC,4303,S1,F,18953,11
0,MO,1208,R2,F,102780,16
1,AZ,1901,C1,M,136372,10
2,NC,3703,S2,F,19581,25
1,TX,3101,U1,M,121410,15
0,MO,5101,T2,F,99736,20
2,MS,4107,R3,F,54441,30
0,CA,2709,U1,F,144735,10
1002,FL,7001,S2,J,39257,25
1,AZ,0,C1,M,136716,25
0,CA,4911,U1,F,145310,20
0,FL,0,S2,,40351,30
0,FL,2301,C1,,43321,25
0,MI,3401,,F,14009,3
1,TX,0,R2,M,187517,25
2,SC,2101,C3,F,22924,10
0,MI,0,T2,F,65124,5
0,IL,201,R2,F,98437,10
1,MS,0,R2,M,54369,6
0,CA,1501,C2,F,155856,10
1,NE,5201,T2,M,107321,20
0,NM,1610,U2,F,139500,20
1,LA,0,U2,M,108381,20
1,CO,5201,S1,M,129653,15
1,MO,2001,R3,M,102795,10
2,OR,4403,T2,M,178085,20
3,MO,1101,S1,F,12819,20
0,MO,2301,R2,M,99543,15
0,MI,0,S2,F,65804,10
2,FL,2505,S2,F,35947,14
0,CA,3401,C1,F,152961,8
2,CA,2201,R2,F,161129,20
0,OR,3805,T2,M,177315,15
2,KS,2001,S1,M,104755,16
0,CA,3001,S1,F,147838,20
2,WA,2501,C2,M,182748,12
0,OR,3207,T2,F,177238,12
0,TX,4201,T2,F,191138,15
0,WA,0,R3,M,133932,5
0,TX,0,C3,,120608,15
0,CA,2501,S1,F,11562,50
0,WA,4501,R2,F,87541,5
1002,CA,5207,C1,M,1722,10
1,FL,5901,C3,M,32843,15
2,WI,3101,R2,M,77439,17
1,NM,2401,T2,M,140457,10
0,FL,1711,S3,F,70144,15
0,CA,0,U1,F,157947,5
0,AZ,2308,R2,F,137680,5
28,CA,0,U2,F,153708,21
0,GA,0,R2,F,27217,15
0,MO,5901,C1,F,1442,24
1,FL,1103,S2,M,38327,11
0,LA,0,C3,F,109287,5
0,WI,7102,S1,F,77784,16
2,NC,2801,T2,F,22098,2
0,CA,4701,T1,M,156224,30
0,CA,2201,C1,F,169224,36
1,CA,1701,U2,M,146341,20
2,MO,0,R2,M,102630,5
28,TX,2001,C1,F,119362,45
1,CA,0,U1,M,92962,20
0,SC,403,T2,F,14420,10
0,CA,3801,T1,F,157687,15
1,TX,0,U1,M,145436,10
0,IN,0,R2,F,62795,20
0,WI,2301,C3,M,80153,5
1,NC,1907,T2,,21107,7
0,CA,0,C2,F,164551,3
28,TN,0,S2,F,53485,7
0,SC,0,R2,F,25331,22
1,IL,2810,U2,M,189130,51
1,IL,4912,C3,M,190840,25
0,GA,3011,R2,F,341,25
0,LA,3711,T3,M,109240,7
4,NE,4912,S1,M,6028,15
0,CA,4701,C2,F,169722,20
28,IL,4106,T2,F,91467,8
1,IL,2106,T2,M,88537,5
0,CA,2201,S2,F,162740,14
1,TX,5401,S3,M,123622,25
0,CA,0,C1,F,12370,20
0,IL,0,T2,F,91453,21
0,FL,0,R2,M,42543,20
2,IL,0,S2,M,89768,11
0,NM,0,R2,F,139175,10
1,OK,5902,U2,M,83559,10
2,OK,2301,C1,F,113312,5
28,TX,2712,S1,F,117329,15
1,KY,2101,U4,M,56674,15
0,FL,4608,S3,F,40105,23
0,IA,0,R2,M,76914,15
1,MI,1612,R2,M,7947,11
0,CA,5201,S1,F,166350,25
1,CA,5001,C3,M,2151,25
0,NE,4401,S2,F,107298,43
1,FL,3401,C1,M,37762,30
2,TX,4801,S2,F,117383,21
28,OR,5801,S2,F,174375,25
1,MO,4401,R2,M,102742,9
28,TN,4901,S1,F,53793,5
1,KY,5003,R3,M,59070,10
0,NE,4701,S1,F,107279,4
1,IL,5411,R2,M,88886,40
1,NM,3501,,M,190552,7
1,CA,6401,C1,M,148869,15
0,CA,2601,U2,U,146463,5
1,MN,2210,R2,M,85204,20
1,CA,4801,S1,M,143782,25
2,NC,0,T2,F,17102,7
0,NC,0,T2,F,190157,15
1,IL,2309,U3,M,93681,16
2,KS,4401,S2,M,105741,20
0,IL,2308,R2,F,98962,25
0,FL,3802,T1,F,32552,20
1,SC,2701,S2,F,23465,15
1,CA,4901,S1,M,155130,4.5
0,FL,0,,F,15017,18
0,TX,6601,T2,F,123438,3
28,WA,3503,S1,F,178796,9
2,CA,4101,S1,F,143790,15
1,HI,1801,T2,M,173737,20
0,FL,0,T2,F,57017,20
1,CO,1710,C2,M,131551,10
0,MI,4905,R2,M,72796,15
0,WA,2802,S2,M,178498,15
0,TX,0,R2,,77742,5
2,NC,4001,C2,F,21204,8
0,MI,7401,T2,F,71146,10
0,CA,5207,T2,F,161230,20
0,MI,801,U2,F,67712,100
0,WA,1501,T2,F,178540,15
0,FL,5610,C2,F,35306,25
1,MN,5401,,M,14984,15
0,TN,5401,U3,F,53295,15
0,OK,2901,R2,F,115398,5
0,SC,1701,R3,M,24610,4
1,TX,1,U1,M,116993,10
2,WI,3001,R2,F,80800,8
2,MI,1105,R2,F,72757,21
0,FL,7401,S2,M,38642,10
2,WA,0,S2,M,179293,10
2,WI,3508,T2,F,79427,10
1,MO,4701,R3,M,99813,20
1,CA,2205,U1,M,368,10
2,CO,4801,S2,F,129200,14
1,CA,4701,S1,M,171215,17
1,FL,6509,S3,M,41222,20
1,FL,2506,T2,M,44410,8
1002,OR,5109,T2,M,175057,19
2,MN,3805,S1,F,83959,16
28,FL,2401,S3,F,35877,5
2,IL,1805,C2,F,96763,20
1,CA,4701,T1,M,144691,20
2,WA,2401,R2,F,180805,20
0,WA,0,S2,F,180050,25
1,AR,2109,C3,M,111592,16
0,MI,4912,T2,F,66087,20
28,TX,6301,U1,F,121554,6
1,AZ,1301,C2,M,137429,25
0,TX,1601,R1,F,127171,15
0,CA,0,R1,F,167517,25
2,MO,1101,S1,F,14386,10
28,WA,1502,C1,F,184011,25
1,TX,3801,S2,M,121967,15
28,NC,3601,T3,F,20194,10
0,MN,4805,T2,M,84967,15
1,IL,4202,U2,M,93684,11
1,IL,4210,U1,M,92802,10
0,SC,5201,T2,F,24900,25
28,TX,0,S1,F,121926,20
28,CA,2901,U2,F,12003,20
2,NE,0,T2,F,7852,10
0,AR,0,C2,F,111137,21
0,AL,0,R2,F,47688,10
0,GA,1401,S1,M,25576,21
1,TX,4108,C1,M,127392,23
0,WI,0,T2,F,77495,10
0,MT,0,R2,F,87210,20
72,IL,0,U4,M,93218,10
0,AK,2601,T2,F,184974,10
0,CA,5301,S1,F,136768,2
1,FL,3601,C3,M,42724,25
0,MN,2705,T2,F,82313,15
0,WY,5201,R1,F,132820,15
1002,TN,0,C2,M,51683,5
0,IL,2503,U4,F,93538,36
0,CA,0,S2,F,145407,10
1,MS,0,R2,M,55553,20
0,KY,3001,T2,F,58447,10
1,CA,2401,S1,M,159424,75
0,FL,2901,S1,F,34649,7
1002,TN,6801,T1,M,50154,15
2,WI,5401,T2,M,77432,15
0,CA,5401,S2,F,152821,11
1,KY,2601,C3,M,57964,12
2,TX,1601,T3,F,188385,5
28,MI,4301,S2,F,65899,10
0,CA,4701,S1,F,171302,15
0,FL,804,U2,F,38106,3
0,FL,5701,T2,F,35906,15
1,MI,2804,C2,M,4513,20
0,AR,4001,R2,F,14272,20
0,AR,0,T3,M,1779,12.5
2,WA,1312,T2,M,180512,10
0,NV,3401,C3,F,41065,15
0,AR,0,R3,F,111949,5
1,FL,4304,C1,M,35043,16
0,SD,0,R2,U,86311,6
1,WA,0,C2,M,182293,19
1,WA,0,S2,M,179023,35
1,MI,4401,U2,M,65481,20
2,NC,0,R2,M,21144,6
3,MI,4009,U4,F,9390,5
1,CA,2001,C1,M,157973,12
0,OR,3001,T2,F,176890,8
2,MI,3603,C2,M,65181,11
1,WA,5001,T2,M,181083,5
2,OR,4501,S2,F,175951,15
28,NC,4801,T2,F,20966,20
0,IL,6001,C2,F,91779,20
0,IL,6601,R2,F,98099,21
0,FL,3601,T2,F,32485,37
2,AR,3801,T2,F,111284,5
0,NC,5501,C1,F,15651,10
0,IL,3503,R2,F,96220,14
2,MI,0,C2,M,73221,10
2,CA,905,T2,F,170143,5
1,FL,3202,C3,M,43884,5
1,IN,5701,S2,M,61338,5
0,MN,4101,C1,F,82636,15
2,NV,1407,,M,190730,14
28,TX,4912,U1,F,121071,15
1,IL,3301,U1,M,94386,6
0,GA,2801,R3,F,31094,5
2,KY,1605,R3,M,58463,10
28,KS,0,C2,F,160716,7
0,CA,1601,U1,F,156414,20
1,AZ,1201,C3,M,137592,25
0,CO,1805,T1,M,130840,20
2,ID,3601,R1,,133176,50
0,CA,4201,T1,M,164044,15
1,AL,3701,T1,M,190746,11
0,NC,1703,T2,F,52116,10
0,FL,4601,C2,M,42913,5
72,TX,3803,C1,M,124143,6
1,AL,6001,S1,M,47385,15
28,IL,3202,S1,F,92312,24
0,OK,3401,T3,M,114208,50
0,TX,2104,T1,M,127744,15
0,ND,2307,T1,F,86696,25
28,OR,2101,C2,F,177131,10
2,FL,0,C2,F,42689,4
2,CA,3011,C2,F,7879,25
0,MI,6112,T2,F,13089,34
1,IL,0,R2,M,98085,10
1,CA,1908,C2,M,5614,19
2,TX,5601,C1,F,122198,6
0,AL,0,C2,F,131537,7
0,CA,4201,S1,F,171609,20
30,AL,1901,T2,F,47914,5
1,SC,2703,T2,M,25226,12.5
0,CA,1110,S1,,158567,6
2,MO,3801,R3,F,103535,15
0,IL,3001,S1,F,13394,15
1,FL,3001,C3,M,45870,20
0,CA,1501,C2,F,169703,25
0,CA,1601,S1,M,147484,12
0,CA,5901,C1,F,151907,6
0,CA,3604,C2,F,152283,10
1,CA,3001,S1,M,146742,15
0,MI,3001,U4,M,68240,25
0,SC,4401,R2,F,24975,20
0,SC,5502,R2,M,25027,5
0,WA,1406,C2,,184269,10
0,NJ,0,T2,F,187915,20
1,NC,5801,R2,M,16972,12
0,TX,1808,C1,M,126469,15
0,FL,2401,T3,F,42548,11
1002,MI,1606,R2,M,72416,5
2,TX,0,R2,M,118163,5
2,OR,2002,S2,F,174833,20
0,NC,6201,T1,F,19623,14
1,CA,0,R2,M,159506,10
0,CA,5901,S1,M,153743,26
0,MO,5401,S2,F,100447,3
2,TX,2403,C3,F,126403,10
1,WI,5801,T1,M,77695,20
0,NC,2505,C3,M,18266,5
1,WI,1507,T2,M,80893,25
28,CA,5901,R2,F,169553,10
2,GA,2407,C2,F,30450,50
0,IL,3601,R3,M,98220,10
1,UT,3901,R2,M,134833,6
2,WA,1001,T1,F,179014,23
1,IA,4301,C3,M,77023,15
1,CA,0,C2,M,10028,20
1,NC,5001,T1,M,20522,15
0,MN,3601,T2,M,82065,10
2,NC,4601,T2,M,20769,5
1,CA,2111,T1,M,160970,5
0,OR,0,T2,F,174609,10
1002,TX,2512,S1,J,127166,30
0,CA,2001,C2,F,155967,5
1,CA,2104,U1,M,14790,15
28,NC,2801,C1,F,20583,14
2,CA,0,U4,F,185934,25
2,LA,2211,T2,F,109449,12
1,IN,2506,C2,M,64115,15
0,CA,0,T2,F,154202,50
1,CA,5203,S2,M,153001,5
2,CA,1301,T2,F,154216,13
0,OR,5901,R2,F,174976,15
0,NM,0,R2,M,140547,20
0,CA,1601,T2,F,169371,20
0,CA,1704,S1,M,167100,10
2,CA,1501,S1,U,157295,35
2,NC,2801,T1,F,19020,19
28,KS,0,T2,F,105325,6
1,GA,7101,T2,M,30117,16
1,TX,3601,U1,M,121798,15
0,SD,6701,T2,F,86322,5
1,KY,2601,S1,M,56886,12
0,OR,0,R2,M,177613,20
0,FL,0,S2,F,43492,12
1002,OR,4711,R2,M,931,12
0,NC,2001,C1,M,19510,12.5
1002,CA,4607,U2,F,38165,14
0,CA,0,U3,F,171879,20
1,AZ,1612,U2,M,135248,20
1,AZ,0,C2,M,187171,15
0,WI,2212,S3,M,77915,15
1,IN,0,R2,M,64419,14
1,TN,0,R2,M,51185,10
0,WI,3601,C2,F,79116,10
1,MI,7107,S1,M,68951,25
1,TN,0,R3,M,50570,10
1,IL,5103,S2,M,90775,17
0,OR,0,C1,M,186375,10
3,IL,0,U2,F,90765,20
0,IA,3201,R2,M,76128,5
0,GA,0,T2,,28082,20
2,AL,2401,C3,F,47869,20
1,OR,0,C1,M,176740,30
0,AL,4601,R3,F,48487,25
0,SC,2901,T2,M,2490,3
2,FL,2912,U3,F,41312,23
0,NC,4001,T1,F,17094,15
1,KY,6508,S2,M,56787,13
0,CA,5301,S1,F,164167,13
0,FL,2811,C1,F,41785,17
1,TX,5601,R1,M,126959,15
28,GA,4001,R3,F,29526,10
2,CA,2101,U1,F,142901,10
0,KS,5001,C3,F,105827,20
1,CA,0,R3,M,159439,5
1,CA,0,T2,M,11459,7
2,CO,3109,S1,F,129268,10
0,TX,5401,U1,F,122256,20
1,IL,2601,C1,M,92355,25
0,IN,0,T3,F,59811,5
2,HI,2801,S1,F,173497,5
1,OR,0,R2,M,177017,15
28,NC,2701,C1,F,15350,15
1,CO,2302,C1,M,4629,15
2,CA,2001,S1,F,162598,20
1,WA,3901,S1,M,178949,15
2,MN,1801,T2,F,189880,10
1,NM,2301,R2,M,132031,23
1,FL,1311,C1,M,38111,7
0,NC,5401,T2,F,21375,25
28,FL,0,T1,F,31735,19
2,CO,2201,R1,F,132456,7
1,TX,6601,U1,M,121165,10
1,OR,1809,R2,M,175226,11
0,CA,501,U3,F,190534,6
28,FL,0,T1,F,33383,11
2,IN,0,T2,F,64261,10
2,CO,0,T1,F,106854,8
4,TX,0,T2,,115676,20
0,IN,5501,S1,F,60195,25
0,SC,1803,R2,M,6308,12
0,IL,4601,U3,M,93883,4
2,FL,2310,U1,F,38812,17
0,NC,0,T2,F,15219,25
1,IA,3801,R2,M,76442,5
2,OR,1504,S1,F,175659,10
0,NC,3901,R2,F,21859,10
0,FL,5010,S1,M,32892,10
0,MI,6901,S2,F,65740,12
2,TX,5208,U3,F,117264,17
1,CA,0,S1,M,156344,10
2,CA,3201,S2,F,152816,35
1,ID,1301,R3,M,133042,40
1,AZ,1601,,M,9063,10
1002,TX,6002,R1,M,127527,12
0,SC,0,T1,F,24940,15
0,FL,1012,S1,F,40520,10
28,MO,1601,R3,F,101263,10
2,CO,1601,U3,F,130185,3
28,MN,5801,C2,F,84599,11
0,IL,2312,R2,F,95208,10
28,CO,4701,S1,F,129822,20
0,IL,4701,C1,F,97026,10
0,CA,6006,S1,F,165378,23
0,CA,5101,T1,F,160196,10
0,KY,4701,R2,U,57052,29
1,CA,1603,U1,M,144577,15
39002,MO,0,R2,M,103591,3
0,AR,0,S1,F,111708,15
0,IL,2501,U3,F,89030,11
0,CA,2401,S1,F,169678,20
1,IL,2701,R2,M,95831,10
0,AL,0,T1,F,48047,6
0,CA,2807,S1,F,156378,13
0,KY,0,R3,F,58130,7
28,AR,5801,C1,F,111459,20
2,WI,2301,C2,F,77574,5
2,CA,1901,C2,F,157536,17
2,SD,5501,C2,M,86270,16
0,MI,0,C2,F,71882,14
0,TN,4401,R3,F,53213,15
3,TX,0,U3,F,121292,16
0,MO,4401,R2,F,101614,21
2,OR,2101,S2,F,161479,11
2,MI,0,,F,74183,5
28,TN,5401,S3,F,53611,18.25
0,CA,0,U1,F,143610,5.25
0,CA,4801,S1,F,158534,25
1,MI,4511,S3,M,66265,40
0,NV,1801,S2,M,141468,25
1,TX,5101,S1,M,121683,10
0,CO,5601,S2,M,130239,20
0,GA,4301,S1,F,987,3
0,IA,3110,C1,F,76585,5
28,CA,2201,C2,F,155240,15
0,CA,1706,S1,F,147841,100
2,NM,5201,T3,F,140481,20
1,CA,1601,U2,M,159034,21
1,IL,6606,U2,M,3933,20
0,CA,5301,U1,F,167138,30
2,MO,0,C1,F,100900,5
28,CA,6302,C2,F,161634,15
0,CA,1201,U4,F,162945,5
2,GA,0,R2,F,12626,9
13,UT,1409,C2,M,134005,10
1,OR,2401,T2,M,176948,20
0,TX,3508,C3,M,123270,10
0,ID,0,T2,F,133884,50
0,NC,7101,T2,F,21815,5
1,KY,0,C3,M,56700,20
0,FL,4201,U4,M,41920,15
2,MI,3101,U4,M,68440,15
0,IL,3701,S1,F,8013,10
28,CA,2001,S1,F,12801,15
0,FL,401,U3,F,36495,10
0,CA,0,U2,F,151730,5
1,IL,805,S1,M,89174,20
2,CA,0,T2,F,5123,6
2,IN,0,C2,F,3931,10
28,FL,2501,C2,F,8330,5
0,OK,5501,S2,F,113354,20
2,CA,3601,S2,F,164296,10
1002,WA,3501,R1,M,184017,20
0,FL,6009,U3,M,37852,20
0,IN,3001,T2,F,64170,15
2,CA,2209,S2,F,152118,4
2,CO,0,S3,F,190281,25
0,GA,0,R3,F,28786,10
2,FL,0,S3,,45551,15
0,WA,1909,U1,F,181931,13
1,FL,2609,C3,F,45431,20
1,GA,2001,S2,M,25635,11
0,AZ,3001,U2,F,135112,8
0,WA,4201,S1,M,179111,20
1002,MI,5801,S2,M,65596,9
1,MI,2201,S2,M,73282,25
1,CA,3401,U1,M,146241,50
1,IN,4106,S2,M,60098,25
0,MI,7012,R2,M,74361,10
1,MN,3804,S1,M,82857,10
0,FL,3607,S2,M,38580,10
28,FL,2710,U3,F,36471,20
28,NM,3901,R2,F,140135,20
0,ID,3801,C2,F,133029,5
0,CA,3402,S2,F,161829,10
0,CA,2207,U2,F,168268,15
28,NC,4201,C2,F,19490,10
2,CA,3601,S2,F,166899,35
0,CA,5801,S2,F,145982,30
0,AZ,0,,,187764,25
1,CA,0,S2,M,171227,7
1,GA,0,R3,M,27419,20
0,KS,0,R2,F,106488,26
0,MI,907,C3,F,70722,16
1,OK,0,T1,M,187495,17
0,NC,6001,T2,F,18543,14
1,FL,0,C1,M,38707,17
1,AZ,2406,S2,M,138528,26
1,OR,3803,T2,M,177960,25
0,IL,3101,R2,F,97221,25
2,CA,3601,C1,F,158816,11
0,IL,3101,U3,F,93713,20
28,AZ,4707,U1,F,135535,13
0,IL,5001,C3,F,91194,7
0,IN,4206,T1,F,62232,19
0,IL,3601,S1,F,91507,14
1,CA,2301,S1,M,153467,21
1,GA,2201,C3,M,28718,20
1,TX,2201,R3,M,119902,5
0,WA,9310,T1,M,179339,13
0,IA,2201,T2,F,74880,25
1,GA,0,R1,M,29988,25
28,WY,0,C2,F,132508,10
0,CA,3609,U2,F,144351,40
2,FL,4810,U2,F,38388,10
1,OR,6101,R3,M,176863,20
0,MI,4701,C2,F,70696,12
0,CA,4601,U4,M,151819,6
28,CA,2201,S2,F,146500,25
0,MI,6401,R2,F,72679,10
0,IN,0,R2,F,61805,5
2,CA,4801,U3,F,142742,15
0,GA,0,,F,29342,10
1,AL,0,R3,M,49712,17
0,TN,0,S1,F,53529,5
1,MI,1112,R3,M,70803,4
0,NC,5805,R2,F,20721,10
1,NC,5501,C2,M,15445,20
0,SC,3306,T3,F,24030,20
0,CA,2001,S2,M,150177,20
2,AZ,4801,C1,F,137540,10
28,CA,2801,U1,F,13496,25
1,GA,2901,T2,M,28040,11
1,NV,2601,C2,M,156174,10
2,IA,1612,,,75461,15
0,CA,4501,U2,F,2781,20
2,MN,3801,R3,F,85476,5
1,OR,4911,R2,M,177640,30
1,WA,3511,T2,M,183052,5
28,TX,0,C2,F,115935,20
2,MO,3401,R3,F,103872,20
0,IN,0,T3,F,10064,18
0,MN,3701,C2,F,84854,3
3,KS,5104,T2,F,106430,14
1,NC,2806,R2,M,18438,5
2,AL,4007,S3,M,49519,5
1002,IN,4201,R2,M,63971,4
0,FL,2201,C2,F,34079,5
2,TX,1502,R3,F,120509,10
1002,MI,0,S3,M,66244,10
28,FL,2601,C2,F,44715,12
0,KS,1706,S2,M,104891,23
0,GA,5401,R2,F,30988,10
1,CA,1101,S3,M,158389,12
0,IL,3901,C1,F,97020,17
1,IL,3503,U1,M,92801,15
0,GA,0,T2,F,28960,10
0,TX,5005,S2,F,121969,8
0,TN,2801,T2,U,52330,3
1,KS,3501,T2,M,105709,5
2,OR,4801,T3,F,177329,20
2,NC,0,T2,M,18196,12
1,KY,0,S1,M,185572,5
28,MO,3801,R2,F,103613,15
0,MN,6408,S1,F,84144,20
0,MN,2207,U3,,83530,5
0,FL,3005,C2,F,46495,15
2,WA,0,C2,F,186458,3
0,CA,0,S1,F,162253,5
0,AL,5301,,F,24915,10
0,WA,0,,F,2081,7
2,TX,4710,C1,M,121654,21
0,WY,3601,R2,M,132627,10
2,CA,2601,T1,F,149089,20
0,CA,7701,S1,M,150497,40
2,WA,2102,T2,F,180633,15
2,TN,2201,C1,M,50200,10
28,CA,0,S1,F,172176,20
0,CO,2711,T1,F,130884,7
0,NM,1701,T2,F,139857,5
1,CA,4601,S2,M,152325,25
0,FL,1301,R1,M,43559,2
2,WI,1501,R2,F,81527,3
28,CA,3201,S1,F,146913,25
0,WI,0,U1,F,5968,12
0,HI,0,S2,M,3953,20
0,CA,3901,T2,M,13177,10
0,FL,5008,S1,F,38632,38
28,CA,0,S2,F,578,10
0,TX,5311,R2,M,186980,50
0,CA,4602,T2,F,172475,16
0,FL,5308,R2,F,33526,5
1,MI,4601,S1,M,69465,20
1,NC,3003,R3,M,190391,16
0,GA,3701,T1,,26378,100
0,WA,1801,U1,F,12998,6
1,TX,2506,T2,F,128035,21
0,NC,6801,S2,M,16756,15
28,NV,3701,T2,F,142313,1
0,WY,6201,R2,F,132903,21
28,CA,5601,S2,F,153957,5
1,IN,4901,T2,M,61808,25
0,CA,5901,U2,M,143707,4
1,TX,6001,S1,M,122001,30
1,WA,2106,C1,M,180786,18
1002,IL,3601,R2,M,96031,5
30,IN,2401,C3,M,60477,20
1,CA,3801,U2,M,144310,6
0,MI,3003,T2,F,2170,7
0,TX,0,S2,M,7846,10
1,MI,1901,C3,M,71904,7
1002,NC,2601,,M,2512,25
1,MI,5511,T2,M,71682,20
1,CA,2801,U2,M,142552,5
0,LA,0,T2,U,109429,20
1,KY,2808,S2,M,57332,6
4,NC,0,R2,M,190778,20
2,TX,0,C1,M,128235,8
28,OR,0,T2,F,175113,25
2,MI,1209,,F,66757,4
1,CA,4801,R2,M,154150,14
0,MS,4601,R2,M,55392,6
1,CA,1707,S1,M,162234,26
0,CA,4401,S1,F,8880,25
1,CA,2203,C1,M,6643,16
2,CA,201,S2,F,170827,17
0,KS,0,R3,F,105459,5
0,GA,4601,C1,F,26289,10
2,MI,2005,S2,F,67315,27
0,IA,0,,F,75910,10
1,MO,5002,R3,M,103527,4
2,NC,0,R2,,16247,10
0,CA,3901,R1,F,166770,5
2,MN,1001,C3,F,82580,5
2,FL,3001,T2,M,34883,5
0,KY,7309,R2,M,57647,20
1002,MN,3603,S2,M,82995,5
0,MI,2401,R2,F,74043,12
1,OK,2512,T2,M,114438,20
0,TX,3601,C1,F,122046,25
1,MI,2701,S2,M,69122,13
0,TX,4701,C1,M,118739,15
0,MI,5401,U4,F,68148,10
2,SC,4201,R2,F,22644,21
1002,MT,1601,T2,M,87239,7
0,LA,0,S2,F,108447,10
0,TN,3512,S2,F,49860,4
0,IL,3004,S2,M,88662,12
2,IN,0,R2,F,59225,10
28,FL,0,,F,190377,24
1,CA,0,T1,M,151695,35
0,ID,6301,U2,F,146301,17
0,GA,5011,C2,F,27944,33
1002,CA,0,R2,M,172801,10
1,WI,6401,C3,M,78179,10
0,TX,2001,C1,M,121755,15
0,CA,2008,S1,F,147747,13
0,WA,4201,S3,F,3685,15
0,TX,1,S1,F,128934,20
0,NC,0,R2,,18038,16
0,WA,1801,C2,F,180272,20
0,CA,2901,S1,F,164986,15
28,MI,5610,T3,F,65117,10
0,IL,0,U1,F,93995,10
2,MN,1001,S1,F,84097,25
0,TX,2401,S1,F,116267,20
0,CA,0,U2,F,153898,10
2,CA,4401,S2,M,161627,21
0,NC,0,C2,F,22337,10
2,TX,606,R2,F,7590,30
0,LA,0,C1,F,108905,20
1,MO,6607,S2,M,100411,30
0,MO,3001,T2,F,103488,10
0,MO,2001,C1,F,99410,17
0,FL,1901,C2,M,43949,6
1,MT,3201,T2,M,87706,12
0,TX,3001,U1,F,122217,5
2,GA,3606,R2,F,29724,5
0,CA,4803,S2,F,172214,5
28,TX,601,U3,F,106719,10
28,TN,4704,C2,F,12932,21
2,MD,508,,F,190726,10
2,TX,4104,S1,F,127511,23
0,KY,3710,T2,F,56337,15
1,OK,5101,T1,M,113692,8
2,WI,1401,R2,M,79850,10
2,GA,0,R2,M,28796,10
0,CO,5801,T2,F,131032,25
2,SD,0,R2,F,86318,5
1002,IN,2301,R2,M,63725,25
0,IN,4102,R1,F,63572,12
28,NM,0,S1,F,139663,5
0,KS,1501,S1,F,104848,7
28028,CA,4112,U3,F,150776,8
1,CA,5708,C1,F,43104,9
0,CA,5801,S1,F,162254,35
28,TN,0,C1,F,52902,17
2,WI,2903,R2,M,79213,12
2,WA,2806,S1,F,178432,14
2,MI,1002,R2,F,11267,6
0,CO,5301,S2,F,129468,20
1,TN,1601,T3,M,54134,10
0,CA,3710,S1,F,162492,10
0,CA,4601,U1,F,13342,5
0,CA,2608,S2,F,169323,3
1,TX,4811,U4,M,125444,10
1,MI,3407,S3,M,70076,10
0,IL,3401,U2,F,4048,17
0,MI,1801,S2,F,68669,15
1,CA,2201,C2,M,155943,12
0,FL,0,T2,F,40968,17
0,MO,2801,C1,F,101109,10
2,CO,5701,T1,M,14279,11
2,MN,6801,S2,F,83887,17
0,NC,0,R2,F,17089,5
28,IL,1101,C1,F,92183,5
1,MI,2608,U4,M,65374,20
1,TX,4612,S2,M,27082,10
1,LA,3511,S1,M,108115,100
1,SD,3201,C2,M,86278,9
1,IL,3209,U2,M,87904,21
0,TX,6501,S1,U,5798,50
0,OK,3801,T3,F,115289,25
1,CO,2010,S1,M,186185,15
0,MI,5401,T1,F,74589,12
0,MI,5612,U3,F,65558,10
0,SC,6201,R2,F,22696,20
2,IN,0,T2,F,387,5
2,IL,1912,R3,F,98033,20
0,LA,3701,C1,F,110308,15
1,TX,6703,C1,M,3496,10
28,AZ,6201,C2,F,138262,5
1,WI,6702,C2,M,80437,10
0,TX,3007,T2,F,186580,5
1,FL,5503,U2,M,8863,40
0,TX,0,R3,F,120734,5
0,CA,4606,U2,F,149414,9
0,WI,2905,R2,F,79900,50
0,CA,3601,R2,F,154158,7
1,SC,2801,C1,M,23146,5
0,CA,2201,S1,F,1617,15
0,MI,3104,U2,F,68022,15
28,FL,2601,C2,F,44705,15
1,FL,4001,R2,M,49943,10
1,SC,2406,T2,M,24152,8
1002,AZ,3801,S3,J,136645,10
1,KY,1707,T3,M,58597,50
1,CA,2601,U2,M,165628,5
1,FL,0,U2,M,45201,11
0,FL,3601,S3,F,34735,20
0,ID,2004,T2,F,6845,20
0,WA,0,C1,M,181799,35
2,IL,4801,S2,F,88153,13
0,IL,6901,S1,F,92514,15
0,WA,2201,C3,M,183954,10
1,NV,2601,U4,M,141134,9
1,MI,6801,U4,M,66532,2
0,TX,1912,,F,7924,12
0,GA,4801,T1,F,27890,10
0,KY,2201,C2,F,58649,10
0,AL,2107,C3,F,47371,5
28,GA,4801,S1,F,26887,30
0,WI,6001,,F,80577,10
0,IN,0,C2,M,61933,20
1,OR,4201,S2,M,174358,10
0,ID,4701,T2,F,133555,21
0,MN,5301,U3,F,82457,5
0,SC,4809,S1,F,23065,20
2,IL,3501,S1,F,88856,4
4,CA,4001,U2,M,168393,25
1,CA,5101,U1,M,143936,55
1,ND,3011,S2,M,86436,5
2,AZ,1403,S1,F,138311,20
0,TX,0,T2,M,123469,5
0,AZ,0,C2,F,135341,12
1,FL,3001,C1,M,33284,20
1,WA,3101,C2,M,180837,50
1,FL,6006,U1,M,37747,18
0,LA,2412,C2,M,108983,17
1,FL,3401,S2,M,34591,23
0,MO,1305,C3,M,100691,5
1,IL,3705,T2,M,95347,7
28,CO,2610,U2,F,14717,15
0,IN,6801,C2,F,63612,18
1,NC,0,T2,M,21097,25
0,WA,4701,S1,F,178598,4
0,WI,0,C3,F,81630,12
1,KY,4601,R2,M,57087,15
0,WI,6611,R2,M,81985,14
0,CA,5401,S1,M,148795,10
1,WI,2706,S2,M,78778,21
1,TX,0,S3,M,121256,15
2,OR,0,R2,F,177041,15
0,CO,0,S2,M,141209,10
0,IA,2801,R2,M,75346,15
0,NC,0,T2,F,187318,18
1,NC,1902,R2,M,22119,10
1,NC,0,R2,M,22149,20
1,FL,805,R2,M,32622,47
0,IA,2801,R2,F,76758,10
0,CA,4212,C2,F,161838,14
1,MI,1803,R2,M,70863,20
28,CA,4912,S1,F,143996,10
0,IL,2210,U2,F,4314,6
28,MN,0,R2,F,5835,30
2,TX,1501,T2,F,3891,25
0,IL,4908,U1,F,87775,20
0,CA,4201,U1,F,9727,25
28,NM,0,C1,F,188841,10
0,NC,3801,R2,F,15046,10
1,FL,3001,C2,M,43781,10
2,WA,1406,C2,M,182319,10
28,CO,4106,S1,F,130369,50
0,CA,0,U1,F,147758,25
0,NC,4801,T2,F,18761,15
0,MO,5507,S1,M,104234,18
0,GA,6401,T2,F,30185,30
1,GA,0,T2,M,30907,15
0,KS,3204,R3,,105371,20
0,KY,2001,R2,M,57058,25
0,CA,4004,C2,M,160851,16
1,CA,4301,U1,M,163546,15
1,OR,4210,U3,M,176053,12
28,CA,0,S1,F,149534,30
2,CA,2501,T2,F,156152,16
0,MI,2609,S2,F,67177,12
2,FL,3009,R2,M,34475,20
28,OK,0,C1,F,114803,20
1,NC,1701,C1,M,15332,10
0,TX,3212,T3,F,119966,11
0,CA,0,S1,F,152470,45
2,AL,0,R3,M,48527,3
0,CA,5501,R2,F,171528,5
2,TN,0,T1,F,50122,10
0,IL,2201,S1,F,92293,5
2,AL,2601,C1,F,47191,5
0,IL,5308,S2,F,89288,15
1,MO,3405,C1,M,101676,15
0,GA,4501,,F,30051,10
0,NV,7001,S2,M,141500,18
1,SC,0,T2,M,21599,7
2,LA,2912,R2,F,110789,15
1,NM,0,S1,M,139512,20
28,CA,2401,U3,F,142662,10
3,MN,5601,S1,F,82920,5
0,CA,0,U1,,168186,10
0,IL,6201,U4,F,94503,10
0,CA,2601,U1,F,167406,7
0,CA,4001,C1,F,170722,20
0,MO,2306,R2,F,101989,5
2,MI,2001,S2,F,66577,10
0,FL,5201,C1,F,33003,8
1,MI,0,S3,M,70216,20
28,FL,2501,C2,F,43086,20
0,TX,6401,S3,U,122110,10
1,CA,0,,M,150684,34
0,CA,0,S1,F,162341,14
0,KY,2707,R3,F,56407,20
28,IN,0,,,188988,7
1,FL,2812,S1,M,35581,15
1,FL,1801,T2,M,46358,9
0,LA,3201,T2,M,109533,25
1,WI,0,R3,M,81322,15
0,WA,4501,T2,F,179275,25
0,AL,2702,C2,F,48691,20
4,SC,4001,C1,F,24420,12
1,CA,3201,S1,M,165368,20
1,FL,0,S2,M,41545,5
1,KS,1801,T2,M,106235,5
1,ID,3210,C2,M,133640,10
0,OR,2103,R2,F,176443,10
0,AZ,0,C2,,190976,20
0,CA,0,S1,F,145911,10
1,AP,0,S1,M,32984,8
28,MI,5601,C2,F,67541,7
2,MT,0,R2,F,86803,10
0,MO,4901,S1,F,100324,20
0,CO,4804,T2,F,132444,20
1,NE,3001,S1,M,107235,11
0,MI,4802,T1,F,67304,20
1,WI,2403,R2,M,82040,3
28,FL,0,C2,F,43674,10
0,CA,3308,C2,F,159171,15
1,IN,5701,C1,M,64400,21
0,FL,3201,C2,M,11284,4
0,MI,0,T2,F,74419,10
0,MS,4701,T2,M,55840,16
1,NC,0,R3,M,22176,12
1,FL,0,C1,M,25678,20
1,NE,4601,R2,M,107569,50
2,MI,3101,S1,F,70301,5
1002,FL,4801,S1,M,39020,21
1,TX,2901,T1,F,125906,6
2,SC,5201,T2,F,23934,25
0,OK,4201,T1,F,112751,50
2,MI,3001,,F,3651,25
2,CA,3103,S1,F,1068,5
0,TX,3501,R2,F,120128,15
28,CA,3201,C3,F,152092,5
1,SD,3001,R2,M,85913,14
1,FL,2201,C2,M,43226,20
2,IN,4901,S1,F,60738,5
1,IN,0,T2,M,60571,15
0,CO,1607,S1,F,131913,19
0,CA,5201,T1,F,172140,10
0,CA,2701,S1,F,147753,25
1,CA,1901,C1,M,161856,15
2,NM,5101,T2,F,140611,4
0,GA,5001,R2,F,30068,12
1,IL,1501,T3,M,96175,5
0,IA,2401,R3,F,727,2
4,NC,0,T2,M,188893,25
0,LA,5201,R3,F,110425,20
1,GA,5509,S1,,54897,20
0,HI,0,R2,F,173772,10
2,GA,4101,C2,F,25560,14
1,WI,0,S2,M,185886,5
0,OR,3001,S1,F,175847,10
1002,GA,0,T2,M,29610,5
0,MT,3001,R2,F,86926,15
1,WA,6401,S1,M,179235,12
1,CA,4409,S1,M,8276,15
2,GA,2101,S2,F,27108,15
0,KY,6601,T2,F,56860,24
3,CA,4101,S1,F,157817,11
0,AZ,1501,C2,F,135296,11
1,WI,2509,R3,M,80995,5
1,IL,2901,C2,M,95943,13
1,FL,0,S1,,188141,25
0,NV,4103,R2,F,13523,40
1,WI,0,,M,7518,5
0,TN,1801,R3,F,7637,10
0,FL,3601,C2,M,40655,20
0,MT,2101,C3,F,87505,8
0,OR,4901,C1,M,176380,15
1002,FL,6501,U1,M,45367,30
0,AR,0,C1,F,112496,10
1,TX,5901,S1,M,119576,9
28,TX,4501,,F,9923,14
0,MI,3908,S3,F,69963,25
0,FL,1509,S2,F,32538,6
1,OR,2812,T2,M,175139,15
1,AZ,2103,S2,M,138552,10
0,CA,3601,S2,F,160103,5
0,CA,0,S3,M,152151,42
1,HI,0,U1,M,174271,18
1002,FL,4710,U4,M,41434,5
1,WI,5001,T1,M,3312,15
0,TX,3501,C2,F,120805,5
2,OK,1601,R2,F,2889,3
0,CA,0,S1,M,162271,15
0,IA,2411,T3,F,74955,10
0,CA,0,S1,M,151846,10
1,CA,1201,S1,M,148546,6
28,IL,5401,S2,F,12837,10
0,TX,1302,T1,F,119868,10
1,CA,3301,S1,M,185517,10
2,IL,4101,U4,F,441,10
1,CA,0,C1,M,132347,20
1,CO,5609,C1,M,127444,21
1,CA,2903,U2,M,149767,15
2,CA,1506,U1,F,172315,8
0,FL,0,C2,F,43001,15
1,NC,5001,C2,M,15416,30
1,NV,0,S1,M,141396,10
2,AZ,2309,C1,F,137743,8
0,TX,6801,R2,F,118487,20
28,FL,5101,T1,F,33393,10
202,WI,1610,T2,F,79622,5
2,IL,701,C2,F,99209,3
0,SC,4601,S1,F,23056,12.5
0,KS,0,R2,U,105068,7
0,CA,4201,R2,F,170479,10
28,AZ,3002,U3,F,135174,25
1,TX,3201,S2,M,116669,10
1,TX,3501,S2,M,126415,5
1,IL,5303,C2,M,97736,15
2,CO,3501,R2,F,132437,13
0,CA,4201,C2,F,169198,25
0,TX,4001,C3,F,126949,10
2,SC,3504,T1,M,24040,20
0,TN,2607,T1,F,51692,15
0,FL,3205,C1,F,38539,13
2,WA,2001,R1,F,181462,23
0,CA,3201,C1,F,153771,25
1,GA,4901,C2,M,25558,15
28,WA,3401,C2,F,182916,25
1,CA,2201,S1,M,162213,7
0,OR,2206,R2,F,177039,21
2,NE,5201,C1,M,107264,20
2,IN,0,T2,U,60708,5
0,CA,2201,C2,F,12234,10
0,IN,0,S1,F,59240,10
0,TX,0,S2,F,127028,18
1,MI,0,R2,M,72321,10
1,CA,5509,R1,M,161309,18
1,KY,3302,R3,M,58991,10
980,AZ,5206,S2,,136772,19
0,KS,2601,,M,190560,5
0,CA,1801,C1,F,158022,15
1,OR,4606,R2,M,177260,2
1,WA,6201,S1,M,179257,10
2,NC,2202,R2,M,13434,15
2,FL,2906,C2,F,45351,25
2,AZ,2209,T1,M,102534,10
0,UT,0,T2,F,134159,15
2,IN,0,T2,F,59746,4
0,MO,5601,T2,F,102953,21
2,CA,710,U1,F,149598,10
0,FL,6101,R2,F,45968,18
1,IL,1501,U1,M,94486,6
2,CA,2501,U1,F,165641,4
1,NC,4301,S1,M,19779,15
1,IL,0,S2,M,1249,32
2,KY,2111,T2,M,57119,20
0,CA,2601,S1,F,158615,15
2,CA,2710,U4,F,153353,27
0,FL,0,C2,F,42686,20
1,MI,1104,C2,M,71744,36
2,TX,2201,R2,F,116608,25
2,OR,0,C2,M,176138,10
0,MI,1707,S1,M,190789,18
2,LA,2501,T2,F,109450,11
0,MO,2201,R2,F,102741,20
2,IN,0,T2,M,59598,15
0,CA,5201,S1,,157481,19
0,NC,3001,R3,F,21922,20
0,FL,5001,S2,F,35908,20
1,KS,4801,R2,M,105331,20
1,CA,0,S2,M,157728,20
2,WI,4701,C2,F,81073,10
2,FL,5001,,F,38471,25
0,CA,3501,U2,,163675,10
2,MT,1801,C2,M,11195,10
1,TX,0,C2,M,5144,15
0,FL,1107,U3,M,37221,6
0,NC,0,T2,,187959,10
28,IL,4601,T2,F,95536,20
0,MO,4508,T1,F,103330,50
0,OR,5408,S1,F,174360,11
28,HI,1501,T1,F,173805,50
0,GA,0,T3,F,30745,25
0,NC,0,R3,F,20645,10
1,GA,1804,T1,M,27928,12
0,WI,2701,R2,F,80866,4
28,MS,4612,T1,M,55408,4
1,MS,2201,T2,M,54674,5
2,CA,6301,S2,F,185287,5
1,OR,1803,R2,M,178009,5
1,CA,2601,U3,M,143069,20
2,GA,3601,T2,M,28874,21
0,CA,3509,U1,F,144110,15
0,WI,6101,R2,F,77116,10
1,WA,1601,S2,M,3553,20
0,IN,3803,C3,F,60265,5
0,MI,0,T2,F,74552,3
0,GA,2009,C1,F,29215,38
0,OR,1901,S2,F,3504,17
2,MI,0,T2,M,65114,3
1,KS,4601,S1,M,105823,2.5
28,GA,2201,S1,F,26410,28
0,SC,4501,R2,M,24080,25
28,CA,5401,R2,F,159696,15
28,UT,5201,T2,F,24644,25
2,CA,0,T2,F,6457,15
0,CA,0,U1,U,168317,13
1,WA,3601,R2,M,159553,7
0,MS,2709,R2,F,56049,14
1,IN,3506,T2,M,63865,12
1,IN,0,R2,M,62084,20
0,CA,4901,C1,F,165719,4
0,CA,3001,S2,F,171950,10
1,TX,3701,R2,,118367,19
0,FL,0,U4,M,41187,15
0,CO,2001,T1,F,132304,10
0,AZ,3201,C1,F,138944,11
1,CA,0,R2,M,161204,20
0,CA,0,T2,F,186579,5
1,CO,4401,R1,M,11978,15
0,TX,3004,C2,F,117711,16
1,FL,3201,U3,M,38924,20
1,AL,0,S2,M,47448,5
28,WA,0,T2,F,182479,15
1,IL,2402,T2,M,96075,5
1,AZ,2506,T3,M,138997,12
0,LA,5701,C1,F,108989,15
2,MT,0,R2,F,87016,23
0,AZ,3201,T1,M,12666,75
0,FL,2403,T2,F,34302,14
76,CA,0,,F,3018,25
0,CA,0,U2,,145231,6
1,CA,3101,R2,M,152418,12
0,MI,5211,S1,M,65061,25
2,MI,2307,C1,F,72220,15
0,CA,3001,R3,F,112288,12
2,LA,5212,T2,F,109539,20
1002,CA,2201,T1,M,7836,25
0,FL,4206,U1,F,41448,15
2,AR,0,C1,F,110822,20
2,MI,0,S1,F,66163,10
1,WA,2409,,M,6183,100
0,TX,0,S2,F,124787,20
1002,FL,2509,T2,J,109644,5
0,KS,1901,T2,F,105650,10
0,FL,0,T2,F,45982,15
1,CO,2705,S2,M,14437,20
2,NE,0,R2,F,10399,10
1,CA,2701,U4,M,151828,10
0,CA,4301,S2,F,162606,9
2,CA,0,T3,F,141809,8
2,WA,5201,S2,M,178884,15
2,OR,3103,R2,F,178098,6
1,TX,3301,C2,M,116082,10
0,AR,0,S2,M,190769,10
0,OR,6401,C2,M,177087,12
0,MO,4201,C2,F,101654,18
0,IN,0,R2,M,62760,5
1,AZ,4106,S2,M,135406,25
1,NV,2201,R2,M,142409,10
1,WI,2408,S1,M,79627,10
1,GA,2101,T2,M,27310,15
0,TX,4601,S1,F,122131,15
2,CO,2612,C2,F,131169,25
0,WI,0,T2,F,78009,20
0,ND,4506,C1,F,86445,15
0,CA,4701,S1,M,162343,20
28,FL,2403,C2,F,35316,14
0,CA,0,U3,F,148946,10
2,AZ,2301,T1,F,5524,15
1,KY,0,R3,M,57593,5
980,CA,6601,U1,U,144339,10
1,CA,4801,U1,M,158355,15
28,NC,0,R1,F,24311,3
0,FL,1103,S2,F,44009,20
2,SC,2007,S1,F,7059,10
2,CA,1102,C1,F,11399,8
1,TN,4801,R2,M,50262,10
0,FL,6901,S2,F,40338,21
0,IL,4507,S2,M,91101,25
2,CO,301,C1,F,130969,20
0,TX,0,T2,M,128122,5
1,CA,4501,U1,M,167149,20
0,MI,2309,T1,F,67742,5
0,MI,1401,U2,F,66303,2
3,SD,5007,T2,F,86205,25
1,CA,4801,S2,M,1899,12.5
0,AK,0,C2,M,184690,20
0,CA,0,,F,7265,10
1,CA,0,C1,M,159178,10
2,AL,3701,R3,F,49812,3
0,FL,3410,S3,F,33135,10
28,SC,0,S2,F,23459,25
1,CA,2001,U1,M,186271,40
0,MS,2311,T3,F,55624,10
1,CO,0,U1,M,129912,50
0,WA,2107,S2,F,8657,15
0,AZ,0,,U,129174,10
0,CO,2801,T1,F,129453,5
0,TN,0,R2,F,50027,40
1,MN,2501,R3,M,85804,20
0,OR,4701,S2,M,9742,14
2,CA,2201,U1,F,1986,5
1,GA,2901,,M,26924,60
2,CA,4201,U1,F,145480,12
1,FL,5704,S1,M,45824,25
1,AA,0,U4,M,187417,45
0,CA,2401,R3,M,173094,15
0,WA,3504,R2,M,182573,12
0,FL,2901,U3,F,185815,7
2,ND,601,R2,F,86580,5
1002,TX,5201,T3,M,113680,30
0,WA,2801,C3,F,179876,10
1002,TN,0,T2,M,52171,5
0,GA,4201,S1,M,2586,20
0,SC,3102,R3,F,22499,10
0,KY,0,S2,F,186773,8
0,IL,4801,U1,F,90680,24
0,TX,608,T1,,123669,10
28,NE,6301,T1,F,106850,23
1,CA,4602,U1,M,172068,20
0,LA,5801,R2,F,109451,25
0,OK,5601,R2,M,113891,11
28,CA,4401,C1,F,148991,25
0,IN,0,R2,F,63941,10
28,AL,0,R2,F,48006,5
0,CA,1401,R2,F,170998,10
0,FL,3401,T1,M,31959,20
0,CA,3201,R1,M,13805,10.7
2,MO,1603,C1,M,104170,5
0,GA,0,C1,F,28339,11
1002,NV,1610,U3,M,1920,10
0,IL,5501,S1,F,88920,25
1002,FL,4301,C3,M,45656,27
28,OR,0,U2,F,175471,5
1,LA,2301,R2,M,108820,5
2,MI,1710,T2,F,190619,3
0,NE,5807,T1,F,13727,30
93,TX,0,T2,M,114909,10
0,NC,0,C2,F,190410,9
0,CA,3508,S2,F,166711,45
28,WI,1801,C3,F,78669,6
1002,FL,1703,C2,M,35267,17
0,CA,5501,S1,F,14547,20
0,AZ,3401,U1,F,136721,30
1,CA,3501,S1,M,162026,16
0,CA,3503,C3,,172359,20
2,IL,4610,S1,M,90727,5
1,FL,5801,T1,M,46560,5
1,CA,3101,S2,M,2321,25
0,WA,4701,S1,U,179262,10
0,GA,4501,T2,M,28890,15
3,CA,0,U1,F,143787,10
3,IL,2702,S2,F,88735,10
0,IL,6707,S1,M,89367,3
2,IA,4401,R3,F,75703,6
0,NC,4401,S2,F,19641,30
4,CA,3701,,,191531,13
0,CA,2801,U1,M,1092,15
1,MI,2001,C1,M,69034,25
0,FL,1801,C2,J,40919,10
1,IN,3610,C2,M,64203,6
2,CA,2212,S1,F,151995,25
0,NC,3801,C1,F,188284,5
1,KY,4106,R3,M,58147,5
0,TN,4801,R3,F,51269,5
1002,OK,0,C3,M,113261,7
28,IL,1001,,F,12785,10
28,CA,3801,U1,F,364,10
1,CA,0,U1,M,163857,25
0,CA,0,C3,F,12312,95
2,IL,3804,T1,F,95351,12
0,CA,3301,S1,M,147464,30
0,CA,3201,S2,F,155388,20
0,IL,5703,C2,F,90566,15
0,AL,2002,T2,F,186013,15
0,AR,0,R2,F,112406,25
1,TX,0,R2,M,14191,5
0,IL,1601,R2,F,95132,25
0,CO,3001,T1,F,130926,5
0,CA,5401,U2,M,168535,35
1,IL,4201,S1,M,92749,15
0,NC,4201,T2,F,19129,5
2,OK,0,T2,F,114912,25
0,CA,3201,U2,F,164651,5
0,IL,4711,U4,F,94113,10
0,TX,7201,S1,F,116453,15
0,MI,811,T3,F,72409,10
0,SC,1711,C1,,190634,20
0,AA,6007,S2,M,128975,15
2,AZ,3601,T1,F,137039,10
0,OR,2310,R2,M,177927,15
0,TX,5601,C1,F,122988,14
1,CA,6601,U2,M,142765,20
2,AL,0,R3,F,48506,18
2,OR,0,S1,F,189666,15
2,CA,2401,C2,F,159826,5
0,WA,3401,T2,U,181891,25
3,TX,2901,C1,F,128162,8
0,NE,2701,C2,M,107040,10
0,IL,5801,C3,F,97596,15
0,AR,2812,R3,M,12049,5
2,CA,2001,C1,F,160334,15
1,WY,0,C2,M,132522,7
0,AZ,0,U3,F,190155,15
1,CA,6201,U1,M,151484,14
2,IL,0,,F,6981,10
0,CA,0,S1,F,154055,10
0,TX,4501,T2,F,122664,20
0,CA,2001,S1,F,157275,10
2,CA,3001,U2,F,149769,46
2,IL,3407,S1,F,90314,7
0,OR,5312,U4,F,175396,22
1,UT,0,T2,M,133949,6
0,CA,5601,S1,M,164461,8
0,TX,2301,R2,M,119089,11
2,IN,1807,C3,F,61421,20
2,FL,1905,C2,F,5546,10
0,WA,4701,R1,F,183747,25
0,NC,2501,T2,U,20802,25
1,NE,2109,R2,M,107644,7
0,NM,0,S1,M,139563,8
0,KS,0,T3,F,191134,5
0,WA,3201,S2,M,183043,25
1,CA,0,S2,M,165392,21
2,TN,0,R2,F,50684,2
1,TX,6201,R1,M,126819,15
2,CO,610,S1,,190412,20
1,IL,1909,C1,M,92085,15
1,OR,1702,,M,176825,12
1,CA,2106,U1,M,168259,10
0,FL,0,C2,U,188801,15
2,WI,2204,T2,M,80960,5
0,FL,3101,S1,F,130407,22
1,WI,1101,C3,M,80335,5
0,WA,0,C1,F,183793,12
0,CA,0,T2,F,170229,11
0,SD,3801,R2,M,86073,10
2,OK,2201,T2,F,114942,20
0,GA,0,R2,F,31239,10
1,CT,0,,M,185937,10
0,CA,601,C2,F,167799,20
0,SC,1411,S1,F,23778,100
1,MI,1301,S2,M,66322,10
0,OR,0,R2,,177458,6
0,MO,3307,S2,F,102222,10
0,CA,2112,S2,M,158977,5
0,TX,0,U1,F,127030,10
1,OR,3201,T1,M,151698,20
0,CA,0,T2,F,1054,8
2,WA,0,S1,F,178293,12
2,NC,2001,R2,F,187082,8
1,CA,6001,T2,M,156034,15
1,MI,6001,R2,M,72048,10
0,KS,4601,R2,F,104427,15
2,FL,1601,R2,F,34448,10
0,CA,3005,C1,F,10247,10
1,CA,0,S2,M,158679,16
2,NV,2801,T2,M,141742,8
0,IL,5001,S1,M,96679,5
0,CA,2201,U1,F,151513,15
1,FL,4412,C2,M,2085,20
0,AR,0,R2,F,112532,11
0,CA,5201,S1,M,164987,12
0,NV,4401,R2,F,142013,23
0,MN,3808,,M,185803,20
3,CO,0,R2,F,130908,25
0,TX,6909,U1,F,121208,13
0,IL,2409,T1,M,96441,25
28,OR,0,C3,F,177190,8
2,OK,601,C2,F,113502,7
2,OR,0,T2,F,175016,9
0,CA,4801,U1,F,150644,35
2,TN,2706,T2,F,50003,10
0,NE,2401,S2,F,106896,5
1,KS,1408,S1,M,14898,15
28,NM,4901,U2,F,139463,9
0,WA,0,S1,F,12900,5
0,IN,0,S2,F,60897,5
2,OR,1901,S2,F,5180,13
28,AZ,0,T2,F,137835,11
0,OK,0,R2,F,2867,13
0,CA,2005,S2,F,150025,3
0,AR,1812,R2,,111045,10
0,IL,3408,C1,M,3109,25
1,FL,1312,C2,M,45134,12
0,MN,6301,T1,F,85396,9
2,CA,5001,U1,F,164246,15
0,AL,0,R2,,49109,6
0,PA,5001,S1,F,127346,10
0,TN,0,T2,F,54123,5
2,TX,5701,T3,F,125999,20
1,CO,0,T1,M,130989,25
1,IN,0,R2,U,62721,6
0,MO,4201,S1,F,104177,15
28,MI,5201,S3,F,70217,10
0,CA,1001,S2,F,160394,8
1002,AP,5706,T2,M,134115,20
2,OR,2301,U4,F,175602,3
0,IL,3011,S1,F,88489,25
28,NM,4408,S1,F,139664,16
1,CO,2001,S2,M,9947,10
0,CA,4406,S1,M,168368,10
1002,CA,2908,S1,M,166927,20
0,CO,0,S1,F,189723,10
1,CA,4601,S1,M,156559,12
28,MI,5001,U3,F,64683,10
28,CA,1701,S2,F,164697,20
0,AR,3201,T2,F,111918,5
0,IL,4707,S1,M,89816,25
2,CA,0,C2,U,161115,10
0,CA,2801,S2,M,165753,15
0,TX,2009,S1,F,117411,20
0,OK,5801,S1,F,112750,20
1,UT,4901,R2,M,134852,50
0,MI,2005,S2,F,69506,15
0,IL,4105,U1,F,94920,15
2,WI,0,U4,F,186699,20
2,MO,5801,S1,F,99276,15
2,MN,3512,C1,F,84582,25
0,CO,3001,R2,M,132339,11
1,CA,2801,C3,M,12011,11
1,TX,3801,T2,M,117673,15
1,TX,1801,R2,M,186170,17
28,CA,0,S2,F,150186,10
0,MI,0,,F,3638,15
0,CA,4201,R2,F,160633,25
0,CA,1001,S1,F,161514,5
2,LA,4702,R2,M,110539,20
0,WI,0,T2,,77379,20
2,OR,3001,T2,F,176881,5
1,TX,3106,U2,M,115833,5
2,MI,6301,S2,F,65421,15
0,CO,4201,T2,F,132157,25
0,FL,0,S1,,36576,5
1,CA,2705,S1,M,157739,14
0,CA,3201,C1,F,157660,20
0,FL,6108,S1,F,34681,21
0,MI,3811,R2,F,72139,10
1,AL,3601,C3,M,47525,20
0,TN,0,C3,F,51467,11
28,FL,2801,C2,F,34800,10
2,CA,3201,S1,F,186809,15
28,NM,6201,S1,F,3118,10
0,TX,2606,U4,F,120972,7
0,TN,0,T3,F,53853,8
0,KS,8103,S2,F,2320,6
1,CA,0,R2,M,154799,50
1,MO,4401,R2,M,102521,5
0,GA,3001,T1,F,30029,14
1,CA,4701,T1,M,148883,21
0,OR,0,,M,177837,100
0,NM,3801,T2,F,140377,15
0,NM,5501,C1,M,139363,12
0,CA,5601,C1,F,148131,20
2,OR,0,C2,F,175902,15
3,CA,0,U2,F,148030,10
0,TN,3509,T2,U,54003,15
0,CA,0,U1,F,163412,20
1,UT,0,C2,M,134325,5
14,NC,0,R2,M,21135,5
0,CA,1603,T2,,133948,13
0,CO,0,C3,F,129945,7
0,AR,2301,T2,F,12832,10
1,MI,5101,T2,M,74706,25
2,TN,0,S1,F,7649,13
28,FL,0,C3,F,45878,5
0,MI,5712,S1,F,68650,15
2,IN,4612,S1,F,60859,10
1,MI,4601,T2,M,73030,25
0,WA,5210,U2,F,181972,10
1,NC,1401,T2,M,14598,50
1,IL,1311,C3,M,92052,10
0,NC,0,R2,F,15086,10
0,NE,0,S1,F,92058,15
0,NC,5406,C1,M,18104,12
2,IL,2308,S2,M,91942,3
1,MO,804,R2,M,103926,5
0,CA,2801,C3,F,149033,7
1,TN,5001,T2,M,52196,10
0,FL,4601,S1,F,38519,2
2,NE,0,R2,F,107413,14
0,CA,5501,T2,M,6099,10
28,IL,4306,T3,F,95879,30
0,NC,2801,R3,F,16175,30
1,FL,4501,C2,M,43564,20
0,MI,3701,S2,F,64906,50
0,CA,0,C1,M,149110,6
0,SC,3311,T2,F,24663,16
0,SD,4001,T2,F,85922,10
2,MN,4311,R2,F,84276,3
28,CA,2101,T2,F,154611,5
28,MS,0,C3,F,55293,25
0,MI,1901,S1,M,188812,20
1,CA,4605,S1,M,149506,10
2,FL,1709,,F,190727,11
28,CA,0,S2,M,150248,25
0,OR,0,R2,,177009,5
0,IL,0,C1,F,89642,15
0,MO,5406,R3,F,103913,11
2,IA,1601,T1,F,76780,75
1,MI,5601,U3,M,41901,100
0,AZ,4701,S2,F,137998,20
1,WI,2401,C3,M,79136,10
2,VT,0,,M,46110,4
0,IL,5201,T2,F,97774,25
39002,MO,0,R3,M,103590,15
0,WA,6201,S2,,181998,20
2,WA,2503,S1,M,10036,25
1,OR,2505,S2,M,175584,15
0,FL,0,U4,F,41905,15
28,CA,3601,U1,F,156449,20
0,CO,5401,T1,F,131465,15
0,CA,0,U2,F,170889,7
0,MO,1505,R3,F,103593,10
1,SD,702,C2,M,86017,10
0,IL,2601,U4,F,92891,5
0,CA,3001,U1,F,143691,15
0,FL,4503,R2,F,44500,5
1,SD,1801,,M,7301,10
2,CO,2011,C3,,8742,3
0,FL,2809,C2,F,42589,15
2,TX,4601,U4,F,125086,6
0,MN,5510,S2,F,82998,25
0,MN,3801,U3,M,82548,10
0,MO,4901,T1,F,190488,25
2,MS,2812,R3,M,54996,10
1,IN,1801,S3,M,185880,13
0,TX,1209,R2,F,119843,20
1,CA,2401,U2,M,142564,38
0,CA,3607,S2,,164796,12
28,CA,0,U3,F,171072,10
0,MO,2801,R2,F,101143,10
0,CA,3712,S1,F,171612,20
0,MN,3803,R2,F,85619,5
0,TX,4310,C1,M,118905,10
0,CA,1006,S2,F,793,15
1,TN,4001,R2,M,52547,5
1,CA,6201,S1,F,162313,25
2,AL,801,T2,F,4320,15
0,FL,0,S1,F,36690,3
0,TX,0,U1,M,158213,5
2,IA,0,C2,M,75522,10
2,CA,0,U2,F,7346,15
2,CA,2201,C2,F,718,35
0,CA,0,U4,,171677,25
2,IL,0,T3,F,96344,10
2,WA,1201,S2,F,178742,10
2,SC,3101,T2,F,22989,11
0,AK,2601,T3,M,184644,20
0,MT,0,R2,F,7676,35
0,MN,2305,S1,M,83983,15
0,MO,3101,S2,F,99567,15
0,NV,3801,S2,F,141652,13
0,WA,0,C2,M,182325,10
28,FL,1502,C2,F,44370,5
0,AL,4301,T2,M,48338,25
0,IL,2807,C1,F,97077,12
0,CO,0,T2,M,160975,15
2,OK,0,R2,U,114828,4
0,WA,6201,S1,M,182181,20
1,IA,2901,R2,M,75481,8
0,IL,0,U2,M,13566,13
1,AZ,0,S1,M,187612,15
0,CA,201,U3,F,143529,25
0,CA,0,S2,F,152376,10
0,NC,4401,T3,F,22150,5
0,TX,3601,T2,M,120559,12
2,CA,2901,S1,M,148213,14
1002,WA,6001,T2,M,180787,20
0,TX,4010,C1,F,118847,25
2,GA,4801,S1,F,28713,21
0,GA,2601,C1,F,29777,10
0,FL,2901,R2,M,42499,10
2,FL,2611,S2,F,38987,13
1,CO,1512,C3,M,130936,15
0,NC,6201,T2,F,21463,11
0,CA,2010,T2,F,154531,5
1,CA,5501,T1,M,165033,10
2,WA,1301,S2,F,12171,5
2,NC,1603,T2,F,186462,8
2,MI,5901,T2,F,70312,5
0,GA,5801,T1,F,27267,10
1002,CA,3301,S1,M,7048,15
0,CA,6203,U2,F,144631,25
28,UT,0,T2,,134677,5
1,CA,2401,,A,149792,100
0,CA,5204,S1,F,169813,15
2,AZ,6801,S2,F,135152,15
2,TN,3801,R2,F,52593,22
1,IN,2801,R2,M,64161,11
0,TX,6101,T2,F,116738,14
2,KY,6701,S1,M,56831,15
0,AZ,3407,T3,F,139107,50
1,GA,4612,T1,M,28681,35
2,TX,3801,S3,F,125446,10
0,IL,4601,R3,F,95151,7
2,CO,1001,R2,F,132394,11
0,CA,4305,T1,F,151702,15
2,MI,0,R3,F,65668,10
1,CA,5501,S1,M,167357,12
0,TX,4403,S1,F,117552,20
28,IA,1403,T1,F,75341,15
1,FL,4401,S1,M,36774,21
1,AZ,2103,R2,M,139074,20
0,KY,4401,R3,F,58086,4
28,FL,4906,C1,F,37637,10
0,MI,5806,U4,F,73625,10
0,WI,6101,T2,F,77845,15
0,FL,0,S1,F,6615,11
0,FL,4901,S2,F,35504,15
2,CO,4601,S3,F,131845,15
0,CA,4607,U4,F,189902,6
0,FL,0,C2,F,34836,15
2,TX,3211,C2,M,123909,5
0,AZ,0,S2,F,188913,20
2,IL,5810,T2,M,96426,10
0,SC,4604,S1,M,23022,15
28,CA,5801,U1,F,144099,17
0,KS,3104,R3,F,186965,13
0,KS,3203,R3,F,106161,4
0,CA,3610,C1,F,166742,12
0,CO,0,R2,M,132145,10
1,CA,4406,U1,M,166485,45
1,IL,4703,S2,M,89209,6
0,CA,3501,U1,F,167165,16
2,CA,0,T1,M,162169,20
0,GA,4301,T2,M,31183,18
2,SD,0,R2,M,86340,3
28,TX,4706,S2,F,45584,25
0,CO,0,T2,M,131106,40
0,GA,0,R2,M,29105,11
28,TX,4301,T1,F,123667,15
0,CA,6201,T1,F,164188,14
0,FL,0,U3,F,37528,10
0,CA,5912,S1,F,159417,25
2,WA,0,R2,M,181382,12
2,CA,2201,S1,M,159358,10
1,CA,5801,R2,M,159550,10
0,CA,0,S1,M,167396,20
0,MO,5702,C1,F,101673,20
1,WY,2001,C1,M,132767,15
0,WA,2701,S2,J,178334,11
2,LA,1801,C1,M,109778,10
2,LA,5611,T1,M,108176,10
0,SC,4601,R2,M,24949,16
2,CA,5904,S2,F,12122,12
1,CA,4801,R2,M,171014,25
0,CA,6601,S2,F,152822,20
28,CA,4201,S2,F,150730,2
2,MI,2409,S2,M,65189,13
0,AZ,5401,T1,M,136990,8
0,CA,0,C1,F,148143,20
0,MS,1403,R2,M,54762,16
2,NE,0,T2,F,107379,5
2,CO,3711,T1,M,132316,10
2,SC,0,T2,F,24277,40
0,MT,2601,R2,M,87217,20
1,OK,2601,T3,M,113882,5
0,OR,4001,S2,F,8912,20
0,GA,3401,S1,M,28406,19
2,MI,2603,C3,F,70069,11
1,MN,1110,,M,1102,11
0,NV,2807,T1,M,141888,5
0,WA,0,R2,,183412,50
1,TX,4701,C2,M,128599,8
28,TN,5009,S2,F,53496,20
1,GA,0,S1,M,28381,15
0,IL,1601,S1,F,6292,20
2,NC,4001,T2,F,21644,8
0,WA,2101,T1,M,181075,10
1,CA,2901,T2,M,172863,9
1002,IL,3001,C1,J,97691,16
0,OK,0,T1,F,115166,5
0,IL,2801,U1,F,88572,15
0,TX,0,T1,F,122823,35
2,CA,5201,C1,M,159180,10
1,NM,2304,T2,M,140171,15
1002,MI,5701,R3,M,74436,37
2,IL,0,U1,M,92963,20
0,CA,6001,S1,F,170907,15
2,IL,1501,U3,F,93894,11
1,ID,3001,R3,M,133144,10
2,MI,5101,R2,F,71347,4
0,MI,3508,U4,F,67595,15
1,IN,1110,R2,M,3550,10
1,NV,2005,C3,M,141276,6
1,WA,3210,T1,M,184255,25
28,TX,0,S2,F,181841,20
1,WA,2304,R2,M,182670,5
2,SC,3604,R2,,22645,8
0,NV,3001,R2,F,141834,8
1002,CO,5001,S1,M,129335,12
0,IL,2801,R2,M,98793,10
0,NC,0,T2,F,187691,10
0,AR,0,C2,F,112495,8
2,CO,5110,S2,M,129408,45
1002,IA,0,R2,M,76316,13
2,SC,3701,T2,F,23957,8
1,IN,4501,T2,M,62704,12
2,FL,1410,C2,F,42176,10
0,CA,0,T2,F,172888,15
0,AZ,2601,R3,F,137015,10
2,GA,5601,R2,F,31461,26
2,FL,2401,C1,F,39438,4
1,CA,3411,U1,M,143518,17
1,SC,5201,R2,M,23412,19
0,FL,0,T1,F,46552,20
0,MI,2101,U3,F,67422,30
0,NM,0,,,140294,15
0,CA,2201,S1,F,1371,35
28,OR,2104,C2,F,177556,18
0,CA,0,U2,F,146182,10
1,CA,1601,U4,M,150292,10
0,NC,0,R2,F,142,3
1,MI,4603,S2,M,73762,25
0,TX,2711,C3,F,120224,12
0,IN,2912,T2,F,61586,10
1,NM,4001,R1,M,139228,43
1002,MI,6501,R2,M,72444,10
1,WA,4801,S2,M,182180,20
28,GA,2102,C3,F,185972,10
2,MI,0,R2,F,73089,15
980,CO,0,R2,U,130850,7
0,FL,7004,S2,F,45338,25
1,TX,2101,T2,M,188860,10
0,IL,2501,S2,F,89036,30
28,IN,0,T2,F,61026,20
3,MO,3903,R3,F,186880,5
0,TX,5211,C1,M,123871,15
1,IN,4606,R2,M,63104,40
1,WA,2601,C1,M,181770,7
2,CA,3805,U4,F,142466,20
2,KY,3201,R2,F,58284,4
1,TX,2001,C2,M,126483,15
2,KY,3801,T2,M,56451,8
0,MO,6701,R2,F,103111,10
1,NV,2404,S2,M,3825,15
0,NC,0,R3,F,17145,20
2,CA,2302,C3,F,159868,15
1,SC,4401,T2,M,24722,3
28,MO,4001,T1,F,101058,10
28,LA,103,T2,F,12822,5
0,CA,2501,U2,F,6185,30
0,CA,4801,C2,F,172929,6
0,CA,2401,S1,F,161492,16
0,WI,2004,R2,M,2154,15
0,MO,4010,S1,F,100430,25
0,CA,0,U1,F,153213,5
1,TN,4201,T1,M,53763,15
2,MI,5901,R2,F,74360,21
0,MS,2610,T1,F,55027,5
0,OK,0,T2,,115094,38
2,MI,2905,S1,M,68589,20
0,TN,3310,C3,F,63135,5
3,MO,2810,T2,F,99890,15
28,TX,4307,C2,F,124520,8
0,CA,5001,C2,F,166651,20
0,WA,1701,S2,M,154224,10
1,CA,1907,S1,M,166937,10
1,CA,2101,U1,M,149196,20
0,CA,601,S1,,155040,25
1,MN,1006,C2,M,4393,10
1,MN,4701,R1,M,85390,12
0,IL,1605,S2,F,11064,10
1,CA,1801,S1,M,148523,25
2,IL,1911,R1,F,189027,10
1,IN,2712,T2,M,63107,10
0,TX,5201,T2,M,120366,9
0,IN,1608,R2,M,4588,15
0,CA,4101,S2,F,164899,23
0,NE,5201,S2,M,129766,20
0,NC,0,C2,M,1799,10
1,CA,3201,U3,M,151547,5
1,CA,2401,R1,M,169955,50
1002,IL,0,R2,J,98275,9
2,SC,2509,T2,F,6298,7
28,FL,4005,S2,F,32880,10
2,GA,0,R2,F,26669,1
1,FL,3110,C1,M,36081,17
2,NV,2801,S2,F,140928,21
1,MN,1801,R2,M,84390,5
2,MN,2512,S2,M,83709,10
2,GA,3111,C2,F,27854,5
0,NM,4003,S3,M,139302,25
0,MT,0,R2,F,87538,10
0,HI,0,T2,M,173571,25
0,MS,5001,R3,F,55091,10
0,WA,3701,S2,M,2861,7
1,NV,0,C1,M,141666,16
28,CA,2201,C2,F,165857,4
0,CA,0,T2,M,172464,6
0,CA,4511,C2,F,168171,10
0,MI,3601,S1,F,68563,30
2,WA,906,T2,M,7160,14
0,CO,3012,S1,F,129779,12
0,AR,2401,C1,F,112504,10
1,MI,1301,R3,,69536,8
0,CA,5401,S1,U,5321,25
0,CA,2909,U1,F,162849,9
0,KY,0,R3,F,58079,10
2,MS,3001,R1,F,54393,23
2,CA,2201,S2,F,162618,4
0,WI,5203,C2,F,80449,10
2,AR,2501,T2,F,111142,10
1,LA,4201,T1,M,109710,5
0,MI,2601,C2,F,67000,9
0,TX,6812,C2,F,124315,5
0,AZ,5501,S1,F,138239,10
1002,SD,6101,R2,M,85894,3
0,WA,1601,C3,F,184106,6
0,IL,3301,S2,M,95563,4
1,WI,1401,R3,M,79747,15
2,WA,2401,S1,F,178275,5
2,CA,5009,C1,F,190754,25
1,NV,2301,T2,M,2951,5
2,IN,4401,S2,M,60313,10
0,AZ,0,C3,,138000,6
0,CA,7001,C2,F,160483,9
0,CA,0,U2,F,149569,28
28,IN,3101,S2,M,62349,50
1,SC,6201,T2,M,25073,21
0,AL,0,C3,F,47245,5
1,CA,4501,U1,M,166508,20
1002,FL,0,T2,M,33355,15
0,TX,6005,R2,F,118083,15
0,NC,0,,F,19208,18
1,NC,3801,T2,M,18664,15
0,AZ,1008,C1,F,137276,11
0,IL,3509,,F,11254,25
0,AL,4201,T2,F,47404,10
1,FL,3211,C3,M,33615,15
2,AL,2401,R3,F,47738,12
0,CA,5104,U1,F,144301,11
0,NV,3507,C2,F,10491,5
2,WA,0,U2,M,189009,5
1002,MI,0,S1,M,68718,10
0,MI,3805,R3,F,74673,7
1002,FL,5809,C1,M,35328,20
3,NM,4001,T2,F,971,8
2,NC,0,T2,F,18508,6
0,IL,1907,U2,F,93496,10
0,IL,6401,T2,M,92121,15
1,AZ,0,,F,6649,50
1,TX,0,,M,186993,10
28,OR,0,S2,F,175935,15
1,ID,4501,T2,M,133163,15
2,MO,1804,R2,M,12,10
28,TX,1501,S1,F,511,12
2,TX,0,T2,F,125013,15
0,AZ,5401,T2,F,138814,20
1,MO,1401,R3,M,101290,3
0,SC,5701,T2,M,22779,20
28,AZ,0,T1,F,138689,25
1,IL,3006,R3,M,99066,5
0,CA,4704,C1,F,148141,14
0,OR,712,C2,F,186456,5
0,CA,2001,C3,F,158935,5
28,CA,3107,U1,F,145275,20
0,HI,0,R2,,173744,20
0,WA,5108,S2,F,179683,25
1,OR,2403,S2,M,188421,10
0,TX,5101,C1,F,123699,10
2,SC,2101,C1,M,23930,5
3,FL,6201,T2,F,46153,15
1,WA,4702,U1,M,179863,10
0,MT,1701,R1,F,87395,20
28,ND,0,T3,F,86779,11
28,NC,5111,T1,F,25214,25
0,WI,2310,S1,F,79641,12
1,CA,2511,C2,M,186307,20
2,WV,3001,T2,F,34174,12
1,MO,5501,R2,M,101388,10
1,CA,1512,R3,F,159472,15
1,WA,3709,T1,M,179143,25
1,CA,0,U3,M,150799,15
1,AZ,3201,C3,,135983,7
0,SC,5009,R3,F,22817,10
0,TX,1305,C2,F,123972,5
0,WI,1710,R3,F,81520,10
2,MI,3209,C2,F,185309,7
1,FL,1808,C1,M,6555,10
0,NC,4801,C1,M,20341,3
2,GA,1401,C2,F,30629,17
0,FL,3401,U2,F,38392,20
0,TX,5009,S2,M,122090,20
28,WI,4801,C2,F,159623,20
1,MO,2601,C1,M,103290,16
1,CA,4201,T2,M,154745,5
0,AK,4301,C2,M,184549,25
1,CA,5601,S2,M,162494,30
0,FL,1606,C3,F,45873,8
0,AR,0,R3,F,14831,10
28,CA,0,R2,F,160610,15
2,FL,1601,C1,F,44243,20
2,FL,6101,S2,F,41537,50
0,MS,0,T3,F,56120,15
2,NC,0,C2,F,15648,20
2,CA,2601,T1,F,14608,15
0,CA,1708,S1,F,9053,20
0,AZ,2801,C3,F,137971,25
0,MN,2801,U3,F,83497,15
0,CA,2201,,F,169640,8
2,CA,1701,C1,U,169903,15
0,CA,201,C3,F,172175,10
1,CA,1101,S1,M,145905,20
1,AZ,2407,C1,M,136385,5
2,NC,2201,T2,M,15038,25
1,FL,2504,T2,M,40786,5
0,IL,0,,F,2935,25
2,WY,4401,R1,M,132983,15
2,KS,1303,U1,F,104747,10
2,FL,4002,S1,F,92772,5
0,IN,3606,R2,M,64522,10
0,OR,2502,S2,M,175719,5
28,KY,5801,T1,F,56318,5
0,OK,5701,T1,F,113736,20
0,CA,0,T1,M,165366,30
1,MI,1901,C3,,73371,10
0,CA,0,S1,F,145895,15
0,CA,4901,C2,F,5366,20
1,FL,3011,S3,M,37090,20
0,FL,0,C2,M,427,10
1,IL,5205,C3,M,220,8
28,FL,2401,S2,F,39246,5
1002,MN,6001,R2,M,85853,20
0,IL,5101,T2,M,97829,10
0,TX,6201,S1,F,118831,20
2,WA,3201,S1,F,178597,22
28,CA,0,S2,F,152509,20
0,IN,4501,S1,F,61232,10
1,GA,3801,C1,M,27714,9
72,CA,5101,R1,M,170473,20
28,OR,0,T3,F,176454,23
1,MI,1707,S2,M,73685,10
1,IA,1601,C2,M,75153,13
28,IL,5801,C1,F,98731,15
0,WI,0,R2,F,81600,5
0,KS,3201,C2,M,104467,3
2,MN,0,R2,F,190647,10
1,IL,2601,R2,M,790,15
0,CA,4601,U1,F,153319,35
1,NC,0,T2,M,21769,9
0,KY,6201,S1,F,57419,10
2,NE,4801,C2,F,107195,10
0,AZ,3501,,F,139062,20
1,NC,3810,S1,F,147529,20
0,TN,4501,R2,F,52574,12
0,FL,2501,C3,F,41482,5
1,CA,5401,C1,M,165287,22
0,FL,2507,U1,F,41569,18
28,CA,5801,S1,F,1959,50
1002,GU,6311,T2,M,182490,10
0,MT,0,R2,F,87680,12
0,NC,1401,C1,F,16643,12.5
2,GA,0,R3,U,27338,7
2,CA,0,T3,F,155907,15
1,CA,0,S1,M,144050,22
0,LA,3306,C2,F,108420,13
0,NC,5901,T2,F,21373,7
0,IN,3701,C3,M,61108,7
0,MT,0,R2,F,87024,5
1,WA,1701,U1,M,179673,5
28,WA,1910,T1,F,179606,15
0,CA,0,U4,F,144038,50
1,KY,1309,R3,M,5496,5
2,TX,4304,C1,F,118805,20
1,MI,811,U1,M,66300,14
1002,CA,4210,S1,M,168648,14
1,FL,4210,C1,M,33420,25
1,NM,5801,T2,M,139141,25
1,WA,3002,U3,M,182056,5
28,NC,3801,C2,F,15384,15
0,CA,4301,S2,F,171083,25
1,CA,1001,S1,M,171581,5
0,FL,4901,C2,F,13288,20
0,MO,2607,R2,M,102589,100
0,FL,0,C2,F,43119,9
0,CA,1101,S1,F,167202,15
1,CA,3101,U1,M,143332,13
1,TX,5504,T1,M,126945,10
2,AZ,3008,R2,M,137900,5
1,AL,1911,S1,M,47161,10
0,AL,4401,R3,F,48551,20
1,NE,5101,S2,M,186482,15
1,IL,7001,T3,M,97537,4
0,OR,0,S2,F,175782,21
1,NV,0,C2,,2691,16
0,FL,5401,U1,F,39031,15
1,IL,0,U1,M,94902,30
28,NV,0,S2,F,60104,5
1,CA,4609,S1,M,163843,16
2,CA,1901,,M,8768,15
0,FL,2904,C3,M,190626,10
1,CA,1904,U2,M,145786,20
0,WA,5801,T1,F,1927,15
0,CA,4703,T1,F,157100,27
28,CA,0,S1,F,166870,14
1002,LA,4001,T2,M,108724,12
0,IN,1801,S2,F,62400,3
1,NC,4001,C2,M,19864,5
0,CA,5801,S1,F,11961,25
0,NC,0,R3,U,20302,1
0,SC,2001,T3,F,188190,5
0,OR,2603,R2,M,174974,10
1,IL,2801,C3,M,97315,14
2,AR,0,R2,F,111981,20
2,TX,2209,R1,F,118361,10
0,CO,2601,R1,F,131434,20
0,MS,1401,R2,M,55503,10
0,NE,5101,S2,F,106862,10
0,TX,7301,C3,F,119315,13
0,GA,0,T2,U,27010,16
2,CA,0,S1,M,186448,10
0,IL,4201,S1,F,92348,10
0,OK,6601,T2,F,115179,10
2,GA,0,R2,F,27039,15
2,GA,0,R2,F,27968,5
0,MT,4401,C2,F,86985,15
2,SC,2501,T2,F,23989,15
0,CA,8108,S2,,155114,14
1,FL,2802,S2,M,35914,2
1,IL,6001,C1,M,92148,25
28,IL,3203,S2,F,94177,11
0,SC,0,T2,M,24902,8
2,ID,3503,S1,M,178433,35
2,NC,5801,R2,F,18466,6
1,CA,4501,,M,157425,25
2,CA,2906,S1,M,166891,10
1,MS,0,R3,M,54530,10
1,FL,4801,U4,M,41819,15
0,CA,1201,U2,F,148636,10
0,MI,4611,C3,F,70090,21
1,IL,2603,S2,M,11704,10
1,ND,0,R3,M,86775,10
2,TX,1701,R2,M,124935,25
0,CA,0,U1,F,147600,5
0,MO,0,R3,F,101596,16
2,OR,3307,T2,F,175000,17
0,CA,1211,S2,F,14798,10
1,TX,3201,C2,M,120800,10
1,FL,0,C1,M,187639,10
28,CA,201,S1,F,142487,20
0,UT,0,R2,F,134895,10
228,CA,0,R2,F,171205,12
2,SC,1401,C1,,7451,22
0,IL,5201,T3,F,95450,11
1,CO,5007,S3,M,129598,37
1,IL,3905,R3,M,99268,15
1,MN,6201,S2,M,82739,20
0,WI,0,R3,F,81319,15
0,CA,3001,R2,,1685,20
0,LA,2610,T1,F,108781,24
0,ND,0,C1,M,188999,5
1,MI,6111,R3,M,72936,20
0,CA,0,U1,,143011,5
1,MI,5612,S1,M,66219,50
2,CA,2207,C3,F,159883,10
1,IL,0,R2,M,95525,30
0,FL,5603,,,188778,20
0,MS,6409,C2,F,55527,4
0,CA,3301,U3,F,151788,10
1,HI,3701,U1,M,173997,20
1,CA,3801,S1,M,145383,10
0,OR,0,S2,F,176221,13
28,TN,3001,R2,F,50688,10
0,MI,4503,S1,F,69116,20
2,MI,5101,T2,F,72193,10
1,CA,0,T2,M,11611,10
1,FL,0,R2,M,46129,10
0,TN,5001,R2,F,52398,14
0,FL,3104,C2,,190408,7
28,CA,4601,U2,F,145214,20
0,CA,2101,C2,F,155528,10
0,IL,0,U2,F,94239,15
0,CA,0,C1,,188054,13
0,TX,6401,T3,F,128642,10
0,OR,0,,F,174422,5
2,TX,0,S1,F,190035,10
1,NM,0,T3,M,140429,25
0,CA,3001,U1,F,168242,12
2,MI,1604,S1,M,73873,32
1,WI,3401,U4,M,78270,15
28,LA,0,R3,F,108819,4
2,KS,2010,T2,F,4991,23
1,ND,1001,R2,M,86387,10
0,SC,4701,T2,F,24997,5
3,TX,1610,T2,F,189958,5
0,TX,5401,T1,F,120022,20
0,TX,1201,S2,M,36809,5
1,MO,6801,T2,M,99761,6
28,MI,3908,U2,F,68120,20
1,MO,0,S2,M,102372,23
0,MO,0,,F,6050,32
28,TX,0,R3,F,118657,11
0,CA,0,C2,F,169135,10
0,FL,0,,,187748,7
1,MI,2303,S1,M,73786,12
1,AL,4001,T2,M,47276,6
2,GA,4601,T2,M,27329,15
0,MO,0,R2,U,102579,5
0,CA,602,S2,F,145403,10
28,IN,4001,R3,F,59814,5
1,MN,1701,R2,M,85059,5
1,CA,4201,U3,M,168103,10
1,FL,2001,C3,M,13452,10
0,WA,1108,R2,F,183673,10
2,CA,2601,T2,F,160306,10
0,NM,0,C2,M,140347,10
0,KY,5308,T1,M,57092,36
0,CA,3601,S2,F,171216,5
1,AR,2212,T3,M,111861,5
0,MI,5412,T2,M,66393,50
1,FL,1801,C2,M,189848,12
0,MO,7101,R1,F,103298,15
28,KS,4608,S1,F,104442,35
0,MN,4501,S1,F,83279,19
2,CA,2601,C3,F,153026,10
0,CA,4001,U1,F,162687,35
1002,ID,0,R2,M,133283,15
0,KY,0,R3,F,58934,10
0,CA,1001,,F,151195,10
28,MI,4301,U2,F,1322,14
1,CA,6001,U1,M,157307,30
28,OR,6011,C3,F,175582,15
28,WI,403,S1,F,78875,15
0,KY,0,U4,F,57705,5
1,MI,5002,T2,M,70039,13
0,AZ,4310,S1,F,138307,18
0,CA,0,U1,F,163614,10
2,NC,0,R2,F,21966,6
1,FL,2308,C2,M,44433,10
28,NV,0,U3,F,189234,5
1,FL,3911,S1,M,37304,5
0,FL,4801,T2,M,35728,10
0,GA,3311,C2,F,30640,15
1,WI,2512,T2,M,7734,20
2,FL,0,C1,M,42776,16
2,FL,1806,T3,F,44817,5
1,CA,2602,C1,M,165241,15
0,AR,0,T2,U,111371,20
2,UT,2501,U1,F,134398,10
0,IL,2401,S1,F,88868,8
1,WA,5601,S2,M,183223,23
0,SD,3001,R2,F,186925,15
2,CA,3801,T2,F,132097,13
0,IN,0,T2,F,61962,25
0,CA,0,T2,F,162656,20
2,WI,1102,S1,M,79602,15
28,MI,2102,U3,F,65578,21
1,CA,2801,R2,M,169186,9
1,HI,4101,U2,M,189438,9
2,AR,1010,R2,F,110871,5
0,CA,5804,S2,F,168370,15
0,CA,4401,S2,,156618,25
0,LA,5512,S1,F,109858,15
0,MO,5701,S1,F,99501,10
0,TX,0,C3,F,125467,15
0,FL,0,C1,F,55956,10
0,MO,0,T2,F,103644,10
2,FL,5610,S3,F,39613,5
2,MN,1602,R2,M,159,12
2,CO,5701,S1,F,129748,16
28,OR,4801,S2,F,174576,51
1,MI,2301,S1,M,71639,17
1,CA,5001,C2,M,172851,10
0,CA,5201,S1,F,164364,6
2,OR,1309,R2,F,176253,50
28,CO,2201,T2,F,140181,3
2,NC,0,C1,U,5331,14
1,IL,0,T1,M,31953,12
0,WI,5507,R2,M,79399,30
1,MI,0,R2,M,74732,15
1,FL,1601,C2,M,36395,15
0,IA,4401,C3,,75835,5
0,IL,2509,U3,,4606,25
28,TN,2301,S3,F,51234,25
1,MI,5601,S2,M,71616,50
2,WA,0,R1,U,182697,20
0,CA,0,R2,F,173100,21
0,CA,3201,R2,F,172784,5
0,CA,4801,S1,F,145637,25
1,FL,5201,S1,M,41445,35
2,SC,0,C3,F,22900,10
0,IL,6301,U1,F,93086,20
0,IL,5208,S3,U,95727,18
1,TX,801,T2,M,127759,6
1,CA,4812,T2,M,190666,13
0,IL,0,S2,,90894,4
28,CA,6801,C2,F,160275,5
1,AK,6901,T2,M,184723,10
0,TN,3703,R2,M,52548,14
1,CA,1710,C1,M,158813,10
2,MI,5205,R2,F,73008,12
0,KS,0,C3,F,105144,3
0,TN,0,,F,52132,7
1,FL,2307,T2,F,12474,10
0,CA,2601,T2,U,160425,12
0,CA,5701,T2,F,175112,20
1,TN,0,T2,M,51382,25
0,CA,3210,U3,F,146153,44
1002,ID,4401,R2,M,133743,20
1,CA,2006,C1,M,155602,25
0,CA,0,U1,M,149199,15
28,TX,5702,C2,F,124514,26
1,KY,4201,S1,M,57407,21
0,NC,0,,F,185774,12
0,CA,4601,T3,M,189962,10
28,WI,0,R2,F,27045,16
2,IL,0,R3,M,97424,5
0,CA,2201,U1,M,163591,35
2,NC,0,C3,F,15772,10
1,MI,5510,T1,M,71427,30
0,CA,2001,C2,F,159039,25
0,SC,0,T2,F,22984,1
2,AR,3801,S2,,89210,25
0,WA,1201,T2,M,6490,25
0,AL,0,T2,U,48003,10
0,KS,0,T2,F,189199,25
0,AR,2907,,F,117882,20
28,OR,0,T2,F,174932,20
0,MO,5711,T2,M,101033,21
0,CA,2801,U1,M,143299,15
1,FL,2211,S2,M,189749,10
28,TX,0,T1,,127108,10
28,MI,3501,R2,F,74614,5
1,WA,4701,T2,M,182519,5
0,IL,2501,R2,F,95467,4
0,TX,4401,T2,M,126530,30
2,FL,4601,C3,F,9049,15
0,NC,7001,T2,M,19986,10
0,GA,6801,T2,M,25731,21
0,FL,4501,U3,F,45258,5
0,OR,3501,S1,F,175996,10
1002,MS,4504,T2,M,56113,5
28,AZ,2901,C2,F,138945,23
28,AZ,3106,S2,F,135098,20
0,MT,7801,R3,F,87074,5
1,SC,6101,T1,M,23723,10
1,TX,5201,C1,M,116053,6
1,IL,3201,C2,M,92021,20
0,CA,3209,S1,F,164989,30
0,TX,4001,R2,M,126013,20
0,TX,1808,S3,F,117076,10
2,GA,5608,T1,F,26680,15
2,OR,1101,S1,M,176252,15
1002,TX,2401,C2,J,119154,10
1,NV,4803,S2,M,141442,18
2,NC,2201,T1,M,1012,15
0,FL,2201,C2,F,42878,10
1,AZ,3201,T2,M,188896,40
0,MO,4711,T1,F,99338,10
0,IN,0,R3,F,64563,20
28,TX,2208,R2,F,5335,10
2,OK,0,R3,F,112703,15
1,FL,2301,C2,M,32380,5
28,FL,4101,S2,F,40566,17
1,FL,3012,C2,M,32359,3
28,CA,3405,C3,F,146628,10
1002,OK,4301,C2,M,113690,10
0,MO,5404,R2,F,102011,30
2,NC,3103,S1,F,17714,26
2,UT,5003,S2,M,134619,11
2,NE,6201,S1,F,106649,26
2,CA,0,U1,F,147045,10
0,ND,4212,T2,F,86420,7
1,NC,3801,C3,M,20445,20
2,IN,0,S2,F,89924,5
1,CA,5801,U1,M,156937,17
2,CA,2101,S1,F,151986,15
0,NM,0,S1,U,139324,15
0,CA,0,,F,154067,10
0,IA,2007,T2,F,74825,5
28028,SC,3801,R2,F,22425,20
0,MS,0,R2,F,55450,5
1,MI,3301,S3,M,64650,40
1,CA,4901,U1,M,144974,20
1,CA,4801,C2,M,4254,20
0,CA,3308,T2,F,171188,14
0,WA,1909,T2,F,181569,21
0,MI,0,S2,F,68797,10
3,MO,2704,S2,F,99602,10
1,WA,1901,R3,M,182586,8
1,CA,2001,T2,M,11023,5
1,OR,4106,T2,M,176409,30
0,MI,6110,T2,F,72452,4
0,WI,0,T2,F,77523,15
1,GA,6701,R2,M,29130,10
0,UT,5601,S2,F,141308,4
1,NC,2201,C2,M,15349,30
2,TX,2901,C3,F,124095,21
0,NE,2002,R2,M,106583,5
0,CO,701,C3,F,131263,12
0,KY,6611,R2,F,14376,15
2,CA,1306,S2,F,147641,10
28,CO,0,R2,F,131972,6
0,CA,4106,C1,,170714,20
1,CA,4101,S1,M,167755,18
0,IL,2410,S1,F,188721,20
0,IN,2812,C1,F,4026,2
28,CA,4001,S3,F,151679,23
0,CA,2301,C2,F,155963,10
1,MI,5706,R3,M,70881,15
1002,TX,2408,S2,M,2153,8
2,CA,1203,T2,F,173192,10
0,WA,1009,S3,F,4390,10
28,WA,2606,S1,F,178789,10
0,WI,0,S2,F,79650,10
1,CA,3401,U1,M,163316,40
2,IL,1807,U2,F,93824,10
0,FL,5302,C1,F,33190,11
1,CA,3201,S1,F,4017,15
1002,OR,3407,C1,M,176140,8
2,TX,0,R3,M,120720,23
0,WI,3101,R2,F,80733,15
1,CO,807,S2,,131468,8
28,TX,1301,C1,F,124298,4
0,NC,0,R2,F,21133,13
0,SC,0,R1,F,23732,4
0,AL,0,T3,F,188133,5
1,CA,3402,C2,M,167838,15
1002,OK,2001,C2,M,113186,5
2,NV,3707,T2,F,154114,20
2,CA,701,U1,M,171738,12
0,NC,3201,R3,F,20401,30
1,MI,2907,R2,M,69878,12
0,AZ,5001,,F,138443,15
2,WI,0,R2,F,13806,7
28,TX,603,T2,F,119801,25
2,KY,1505,T2,F,56339,5
28,TX,5501,U4,F,125506,20
0,SC,0,,U,190635,32
28,IL,4204,U1,F,12361,100
0,AZ,4701,S1,F,136428,25
1,WA,2001,C3,M,184478,15
0,MS,0,R2,F,55105,4
2,FL,0,,M,188170,50
4,IN,6201,C2,M,171397,25
0,CA,0,R3,F,159562,2
28,FL,4001,T2,F,32523,10
0,OK,6701,R3,F,115311,4
0,CA,2604,T2,F,154668,15
0,MO,6609,T2,M,103260,10
28,NC,4401,T2,F,19260,17.5
0,AR,4401,R3,F,111023,20
0,MI,5208,U3,,67961,21
0,IL,0,R2,M,92272,20
1,CA,2001,U1,M,157311,25
1,WI,0,R2,M,190616,5
2,TX,3901,U1,M,121153,25
2,IL,2901,R2,F,91431,50
2,LA,3901,S1,F,4917,15
0,IN,2912,T2,F,63436,51
0,NC,0,C1,F,20853,10
1,FL,1801,C2,M,44351,35
2,CO,4001,S2,F,130530,20
0,WA,4803,C3,F,181550,20
0,LA,3410,S2,F,108158,5
4,CA,0,S1,M,149164,25
28,KY,0,C2,U,186358,5
1,AZ,0,T1,M,136629,10
1,IL,0,,M,12330,100
0,IL,4701,T2,F,98941,9
2,CA,2601,T1,F,172597,3
0,CA,4401,U3,F,147956,5
1002,AL,3801,T1,M,47819,10
0,CO,5407,S2,F,130554,20
0,CA,0,S1,F,157213,20
1002,AZ,6910,S1,M,90532,20
0,CO,0,U1,F,187744,7
1,IA,2812,C2,M,11143,44
1,TX,1907,S2,M,121978,50
28,FL,4701,C2,F,190597,12
0,IN,3001,C2,F,6325,15
2,CA,2101,S1,F,11943,10
1,NC,4401,T2,M,19789,10
1,FL,1301,U3,M,41288,9
28,MO,5511,C1,F,102706,3
2,FL,1401,S1,F,10287,15
1,FL,4501,R2,M,34429,15
2,KS,2801,R2,M,106190,20
0,NC,0,T2,F,16973,8
0,IN,0,,F,2853,10
0,CO,0,T1,F,131064,12
2,AZ,5201,S1,F,136494,15
2,WI,2801,S2,F,77848,5
28,FL,4501,R1,F,43010,25
2,MN,1006,S1,M,82518,42
0,CO,7101,S2,F,130426,30
2,CA,4701,S1,F,186807,33
1,IA,6601,S1,M,76891,10
1,OK,2901,T2,M,114197,11
0,CA,2801,S2,F,164894,10
28,SC,2402,R3,F,23351,10
0,FL,3009,S2,F,37205,10
1,OR,2009,R2,M,174453,15
2,CA,0,U1,F,150060,20
0,CA,3104,T2,,6851,7
0,CA,5201,S2,F,152094,10
0,CA,3801,C3,F,154892,9
1,AZ,4201,,M,186204,5
1,AL,3301,T2,M,47860,7
1,TX,7101,C2,M,120574,17
1,MI,6511,S2,M,65746,20
0,CA,3901,S3,F,172167,20
0,IL,0,S2,F,91580,4
28,TX,5801,C1,F,97015,4
1002,CA,3101,C1,M,171383,7
0,TN,3001,R3,F,52161,5
1,CA,0,U3,M,153301,15
0,TN,0,C2,U,51520,10
1,IL,0,S1,M,187755,10
1,FL,1601,,M,189943,200
2,WA,2304,C2,,182895,10
0,AZ,2602,S1,F,135230,12
0,AZ,2801,C2,F,111081,9
0,FL,3501,S1,F,34632,15
2,KY,4601,S3,F,56697,10
0,WI,0,R1,F,78116,10
1002,AR,0,R2,M,110847,5
1,CA,3801,S2,M,152149,10
0,CA,4001,T2,F,169489,8
0,TX,3001,C2,F,116063,5
1,WI,4507,R2,M,81241,20
0,IL,0,U2,F,5642,48
0,MI,1008,R3,M,70493,25
0,CA,0,U4,M,147175,7
28,CA,0,U1,F,145823,50
28,IA,4309,C2,F,76655,10
0,NV,3201,U2,F,167538,15
1,LA,3801,,M,108976,25
1,WI,5001,U3,M,79022,9
0,TX,5701,R2,F,118097,5
0,KY,2301,T2,M,58566,16
28,CA,1801,S2,F,167784,15
0,FL,1201,S2,F,37202,25
0,WA,1209,,F,5510,20
2,NC,201,T1,F,16771,5
0,MI,0,T2,M,69997,26
0,HI,1601,U1,M,190558,10
1,FL,4210,S1,M,34608,12
0,CA,0,T1,F,171357,25
1,NC,0,C1,M,190040,12
0,CA,5001,U3,F,149956,15
1,FL,2808,U2,M,37861,15
1002,CA,0,S1,J,168644,9
28,NC,5101,T2,F,18534,15
0,CA,6301,U1,F,166106,10
1002,IL,4001,R2,M,96960,8
2,IL,0,U1,F,92972,30
2,OK,2801,R3,F,115341,20
1,IN,0,T3,M,63216,5
0,MT,0,C2,F,87459,4
0,FL,6301,S2,F,41325,12
0,IL,0,C1,F,187472,15
1,CA,2701,U2,M,148572,5
2,AZ,1309,C3,F,137256,25
0,OR,1709,S2,M,175731,10
0,IL,4603,S2,M,94757,12
0,AZ,0,R2,F,136130,10
2,KY,2002,S1,F,56816,10
0,CA,201,U1,F,148840,11
1,WI,2101,T2,M,79478,25
0,TX,3401,T1,F,116008,5
28,CA,5801,S1,F,150061,25
1,PA,1703,R3,M,6789,10
28,CA,201,S1,F,13196,10
28,GA,0,T1,F,26169,12
0,MI,3301,U4,F,3691,20
1,MO,2401,R3,M,101432,8
0,OR,2001,C2,M,176379,10
2,CA,2409,S2,F,171854,15
2,CA,4506,S1,M,159319,20
0,CA,4601,T1,F,171338,10
1,CA,4001,C2,M,160773,10
1,NC,4001,R2,M,21539,3
1,TX,3401,S1,M,125277,53
0,TX,5508,S1,M,116329,15
28,TX,4202,C3,F,126091,6
0,NC,3510,,F,22206,25
0,TN,4301,T2,F,9537,35
0,MO,0,R3,M,103857,15
2,CA,1001,U1,M,146940,15
28,CO,0,C3,F,129136,25
0,CA,3301,U1,M,170649,25
0,WI,3205,U4,F,78256,11
28,CA,3401,T3,F,160736,12
2,CA,1102,S1,F,6198,20
2,CA,5501,S1,F,146695,20
0,NC,5501,T2,F,20631,20
0,CA,6601,U1,F,15006,10
0,IL,2201,S2,F,1293,2
2,NM,2406,U1,M,139626,10
1,GA,0,S3,M,25760,20
1,CA,0,T1,M,170486,12
0,SC,2501,R2,F,24172,5
1,OR,3008,C2,M,174317,14
1,MO,0,S2,M,99849,6
1,NM,4901,S1,M,139282,23
2,WI,7006,S2,M,79562,19
1,AZ,5108,C2,M,136466,10
0,MI,1912,R3,F,70835,9
2,IL,3910,R3,M,8195,6
0,GA,4401,S1,F,28340,10
2,NC,2108,T2,M,19235,25
0,GA,5001,,F,29345,17
0,KY,4811,R3,M,58728,20
28,NV,3709,U2,F,158390,10
2,GA,0,T2,F,31400,10
1002,TX,1908,C2,M,124872,5
0,OR,2510,R2,F,175917,15
2,CA,1601,U2,F,156473,6
2,IL,501,S2,F,91835,5
1,GA,0,R2,M,29348,5
0,NC,0,T2,M,18257,5
0,MI,4601,T2,F,69822,15
28,NM,2001,R3,F,139180,15
0,CA,0,C2,F,185080,200
0,CA,1601,C2,M,151904,15
1,LA,4711,U3,M,107895,3
0,MI,2005,T1,F,72844,10
28,MS,0,C1,F,55756,10
1,IN,7501,S1,M,59249,15
0,WY,0,T2,M,132844,11
1,NV,907,,M,4225,10
0,AZ,1508,R2,F,136150,50
1,MI,4802,T1,M,66037,21
0,IL,2806,S2,F,95728,15
0,OR,2501,T3,F,174895,21
0,CA,5405,C2,F,165056,5
2,AR,2101,T2,F,112367,10
28,CA,4801,U3,F,147190,10
2,CA,3501,,F,5613,12
0,FL,4901,C2,F,43126,5
0,TN,5307,S1,F,53753,30
28,IL,5201,C1,F,190651,10
28,CA,0,S1,F,12597,101
0,CA,6201,S1,M,164169,15
1,NC,2601,R2,M,20106,12
28,CA,3001,U2,F,143565,17
2,IL,2001,T2,F,96080,5
0,WA,2801,T1,,184492,9
0,TX,0,T1,F,128522,20
0,CA,4401,U1,F,167551,20
0,MO,0,T2,F,101972,25
0,IA,1107,R2,M,75609,10
0,IL,4711,S1,F,89863,23
1,WI,4401,C2,M,80310,20
28,MO,6112,U3,F,2757,10
2,MS,0,T2,F,56169,20
0,KS,4811,T2,F,104259,15
1,MI,2306,T1,M,10467,20
0,CA,4507,C1,F,165494,15
1,TX,6210,,M,124817,10
0,CA,5201,U2,F,149777,20
0,SC,2307,T2,F,24272,20
2,CA,1707,S1,M,147855,15
2,MI,2312,T2,F,73144,25
28,MN,5401,R2,F,83220,5
28,NC,2801,C2,F,17921,8
0,WA,6201,S1,M,184237,14
0,CO,0,R2,F,132179,14
1,TX,2307,R2,M,117922,15
2,IA,1501,R2,M,76851,20
0,FL,2701,U2,F,38098,3
28,AZ,5401,S1,F,138173,10
0,CA,0,T3,F,161760,35
0,IL,4310,S2,M,94884,40
1,CA,5701,U1,M,162820,25
0,CA,3401,U2,M,156437,27
0,NV,0,S1,F,141645,35
0,CA,2205,S1,M,152494,5
2,CO,1303,C2,F,188492,20
28,OR,4201,R2,F,177824,9
0,AZ,3701,,F,139030,5
0,AZ,3301,S3,F,89500,10
1,AL,2301,R2,M,48587,15
0,HI,0,T1,F,187501,10
2,AZ,0,C3,M,135888,16
0,MI,5401,S1,F,67333,8
2,IN,0,R2,M,62741,11
0,MO,4906,C2,F,112247,25
1,AZ,4601,C1,M,137845,15
28,IN,1601,S1,F,59984,17
0,NV,3107,S2,F,141186,12
2,AZ,3009,T1,F,138597,11
0,CA,4801,S2,F,150404,10
28,CA,4612,S1,F,166521,27
2,CA,6201,C1,F,148153,11
0,FL,2201,U3,F,38266,10
1,CA,0,U2,M,161108,5
0,FL,3901,C2,F,44406,10
2,IL,5206,S1,F,8669,10
0,HI,2401,S1,M,173702,25
2,OR,1101,T2,F,174956,10
0,TN,4206,T2,F,52592,10
0,WI,3608,S2,F,80505,20
14002,HI,0,T2,J,188734,5
1,CA,3901,U4,M,148569,19
0,CA,4003,U1,F,2262,12.5
2,FL,2607,C2,F,41091,10
2,GA,5201,R2,F,30047,10
1,CA,0,U1,M,167580,21
1,IA,5401,S2,M,76030,14
2,NC,0,R3,F,21003,10
0,CA,0,C2,F,149117,30
0,AL,0,R2,F,47810,7
0,TX,0,R3,,112301,10
2,MO,1701,U3,F,100218,8
0,AL,2201,T1,F,14154,15
1,NC,0,T2,M,16014,10
1,TX,2009,C1,M,140723,40
0,CA,5101,C3,F,169346,10
0,IN,0,C3,M,61536,25
2,CA,5304,T2,F,154544,20
2,IL,2103,T3,M,185149,5
0,CA,1002,U1,F,186251,17
1,FL,1901,T3,M,44582,5
1,OR,2102,R2,M,177516,37
0,NE,4401,R2,F,107693,10
0,FL,3401,R3,F,33512,19
1,KS,4301,R2,M,105431,25
1,OR,2401,C1,M,188639,24
0,FL,4001,C1,F,36472,13
0,CA,2001,S1,F,166864,25
0,OR,4702,C1,F,176680,5
0,AL,0,R2,F,49722,3
28,TX,4101,,F,191528,20
0,AL,0,C3,,10631,15
1,TX,3001,C2,M,118736,25
1,FL,1502,C2,M,36479,10
2,WA,0,T2,M,182800,21
0,FL,2501,C1,M,36165,20
28,MI,0,S2,F,66187,15
0,MD,0,T1,F,189258,15
2,NV,2710,T3,F,12853,12
0,IL,1909,,F,188377,5
28,NM,0,T1,F,139926,20
0,CA,0,T2,M,10851,35
1,TX,6212,C1,M,119366,6
0,CA,2009,S2,F,150260,10
0,MI,2302,T2,F,73272,15
0,FL,4903,C1,F,43101,10
2,FL,2101,T2,M,50640,5
2,TX,5601,T1,F,190577,30
0,IL,2201,R2,F,96003,6
0,CA,0,S2,M,185913,10
0,TN,3201,,M,54259,15
0,MN,0,R2,M,85003,8
1,CA,1705,S2,M,5074,31
28,FL,3606,S2,F,33359,10
1,MO,3310,R2,M,103982,15
0,TX,3611,R3,F,118564,5
0,AZ,4207,T1,M,136991,15
0,ID,2801,R2,M,133305,5
1,AR,1511,T2,M,112148,25
1,GA,5601,T1,M,25804,41
1002,NC,0,R2,M,20167,25
1,WI,5701,S1,M,79717,15
2,FL,4208,S2,F,32950,5
0,TN,0,T1,,187604,11
0,FL,3408,C2,F,45158,10
0,CA,3801,S1,F,145885,20
0,KS,2702,C1,F,104401,15
0,OR,0,R2,F,176491,25
0,IL,4506,T1,F,89873,11
0,UT,3001,T1,F,1673,40
2,MN,1606,R2,F,12874,10
1,CA,1601,S2,M,188851,23
0,CA,1803,C1,M,160258,15
2,LA,0,R3,F,108760,22
28,TX,0,C1,F,187696,10
0,MI,0,S2,F,66199,5
0,KS,5401,S1,F,104905,15
1,MO,4001,C3,M,102665,20
2,AZ,808,C1,F,137199,10
0,CA,2301,T2,F,159507,20
0,AZ,0,S1,M,137577,10
0,OK,2001,T2,F,113805,20
0,CA,3701,U1,F,46203,10
0,WI,1801,U2,F,78753,3
1,AZ,0,S2,M,189711,10
1,CA,1901,T1,M,160972,53
0,GA,4801,S1,F,28514,21
28,TN,5401,C2,F,51469,10
0,CA,4005,C1,F,4693,18
0,SC,0,R3,F,22664,17
1,FL,3001,C2,M,39967,75
0,IN,5201,T1,F,60490,60
0,MI,0,C3,F,74523,10
2,MI,3807,T2,F,70146,10
28,TX,4801,U3,F,125501,14
2,IN,2807,U3,F,38853,12
0,GA,0,C3,F,25591,13
2,MI,2401,S2,F,66610,10
1,CA,1301,S1,M,11738,10
3,TX,3801,S3,M,117026,9
0,IN,2001,R2,M,59588,3
2,CA,3701,U3,F,162997,21
2,AZ,3401,S2,F,136747,6
0,OK,2001,T2,F,115088,17
1,CA,5501,U3,M,168358,10
1,SC,3012,C1,M,24896,15
0,CA,0,S1,F,157061,25
1,TX,5107,C2,M,127795,15
1,CA,5001,R2,M,13215,21
0,CO,2201,S2,M,129899,12
0,CA,2610,U1,F,156428,9
0,CA,1501,S1,F,157284,20
0,CA,0,S2,F,147508,10
1,FL,0,U1,M,37575,50
2,IL,4601,S1,F,91787,25
2,CA,1304,R3,M,160292,16
2,FL,3601,C3,F,32288,10
1,UT,4508,C2,M,14152,10
0,OK,4201,R3,F,115346,25
1,NC,4801,R2,M,18339,10
2,GA,4901,R2,F,26645,15
0,MN,1801,R2,M,85617,9
0,MI,2901,T2,F,66830,10
1,CA,2001,S1,M,152847,37
1,TN,4601,T2,M,51426,25
2,FL,1801,T2,F,42068,10
1,MI,0,S1,M,66797,30
28,TX,3501,R2,F,120203,20
1,OK,2804,S1,M,113560,25
0,OR,2401,,F,188854,5
2,WI,1209,T2,F,80378,5
1002,CA,2801,S1,M,148227,10
0,TX,5512,S2,M,129360,15
0,KY,0,T1,,187628,19
0,TX,1512,U3,F,117177,9
0,CA,2509,,F,13748,12
0,HI,3001,T2,F,173563,30
28,FL,0,S2,F,39869,21
28,FL,2305,S3,F,188316,10
72,MI,3504,T2,M,74345,25
0,KY,3510,T2,M,57496,25
0,MI,3109,U2,F,65806,5
2,CA,2401,S1,F,152054,25
0,TN,2001,C3,F,191064,3
1,TX,4601,T2,M,117847,20
1,AZ,4801,R2,M,137626,20
0,FL,5401,S3,M,39659,20
0,AZ,2112,C1,M,136607,32
0,IN,6401,T2,M,61745,20
1002,GA,5901,C1,M,29875,20
0,IL,301,T2,F,7174,10
1,CA,5301,U2,M,166416,20
0,IL,5201,R2,F,95408,15
0,MO,3404,S1,F,102181,15
28,CA,6201,C2,F,155851,20
1002,FL,3911,C1,M,40421,5
0,GA,3201,S1,F,26346,10
4,CA,1801,C1,M,152621,10
2,CA,2601,T1,F,164220,10
2,WA,0,R1,M,190477,25
1,KY,4401,R3,M,58203,6
2,OK,3601,R3,F,115188,16
0,CA,0,C2,F,148918,21
0,MS,2905,S1,F,55117,15
0,CA,5111,T1,F,157106,26
0,WA,5801,S2,F,183193,31
0,CA,4301,R1,F,170402,10
0,TN,0,R3,,52588,15
0,WA,3801,C3,F,182356,12
0,FL,5407,C1,F,43052,5
1,TX,0,R2,M,120050,21
0,UT,2301,U1,F,186198,15
28,CA,4201,S1,M,170864,10
0,TX,2801,C3,F,126184,7
72,SC,2101,T1,M,25147,5
1,WI,2908,R2,M,81200,5
0,CA,5001,S2,F,152657,15
0,NC,4701,T2,F,16329,7
1002,MT,5207,R2,F,87508,9
1,SC,0,S2,M,190311,15
0,CA,4701,S1,F,165314,25
0,WA,2401,T1,M,160570,15
1,CA,2501,S2,M,151806,4
1,TN,5101,T2,M,51731,20
0,NC,5401,S1,F,17418,13
0,MO,0,T2,F,103953,5
0,FL,4906,T1,M,14552,16
28028,IL,1309,T2,F,186109,8
0,FL,5502,C2,F,40283,25
0,NV,3001,T2,M,142161,5
2,WA,3011,C1,F,181337,12
1,CA,0,C1,M,161646,23
1,WA,2201,T2,M,181869,10
0,MS,2402,S1,M,55302,15
1,IL,0,,M,189508,7
1002,TX,1702,U1,M,129031,10
2,OR,2305,T2,M,177962,5
4,CA,0,U2,M,171832,25
1,KY,4611,R1,M,57992,5
1,CO,1701,T1,M,132154,15
1,CA,4405,S2,M,150191,11
2,SC,4805,R2,F,25107,5
0,IN,3910,S2,F,59645,4
0,NM,0,R3,F,139224,15
28,TN,5305,T1,F,53078,25
2,TX,1609,S1,F,125593,25
1,KS,4907,S1,M,185525,21
0,LA,4701,S2,U,109848,21
2,CA,2801,R2,F,170098,10
0,CA,1802,T1,M,171358,30
0,FL,2407,T2,F,46165,15
2,TX,6401,C1,F,121640,35
0,WA,0,S1,F,178423,15
0,CA,0,S2,F,153528,5
1,KY,4701,R2,M,56367,5
1,AL,4401,T1,M,49565,5
1,ND,4001,T2,M,86692,19
28,CA,1701,U1,F,7082,10
0,CA,3001,T2,F,116539,19
0,MI,0,S3,,65656,25
0,TX,0,U3,F,121986,3
0,MN,1601,C2,F,83718,3
2,WI,3001,C2,F,80336,12
28,MI,5801,T2,F,72166,20
1,CA,0,U3,F,150945,20
1,WY,6801,T3,M,132847,10
0,NC,2307,R1,F,21244,12
0,MN,6001,S2,M,82618,5
0,CA,3401,R2,F,169044,15
0,CA,5510,C1,F,165830,25
2,CA,2201,C1,F,165820,20
2,LA,5001,R2,M,29010,24
0,CA,3811,T3,F,159721,35
1002,AL,2008,R3,J,47709,20
2,HI,3001,S1,F,174152,26
1,FL,2601,S3,M,36776,20
0,KY,0,S2,F,57899,10
1,KS,0,R3,M,105305,6
1,LA,4310,T1,M,108635,5
28,FL,0,T2,,44800,5
2,OK,601,C1,F,112944,15
1,TX,0,R2,M,128059,20
28,LA,4901,R3,F,109961,20
0,MD,0,T1,M,27634,5
1,TX,0,S1,U,125630,25
1002,CA,6601,U2,J,158454,12
28,FL,7401,C1,M,4881,10
1,ND,3301,S2,M,66358,5
1,WI,7301,T2,M,2231,14
1,MI,1709,S2,M,68534,9
2,OR,609,R2,F,177737,25
1,CA,4601,U1,M,145855,12
0,CA,2701,S1,M,155569,20
0,CA,0,U4,F,157826,15
0,IN,0,S2,F,60884,15
0,CA,2401,S1,F,4638,25
2,IA,1810,C3,F,75851,5
0,CA,6801,U1,M,162867,11
1,CA,0,S1,M,145540,21
2,TX,1812,T2,M,124042,20
1,MN,5112,S2,M,83698,16
0,CA,4301,U4,F,142600,25
2,GA,6411,S2,F,26009,15
0,MI,0,,M,2311,5
0,WI,5701,T2,F,77441,7
1,FL,2703,C2,M,6403,10
0,TX,4105,U1,F,117326,10
1,MI,3312,T1,M,68618,40
1,CA,4711,C3,M,1646,10
0,MI,0,,F,66762,5
1,FL,2501,T2,M,6443,20
0,CA,4001,U1,F,151175,22
1,CA,4401,S1,M,151504,21
4,MI,405,R2,M,74303,25